Workbook
Name Player: HELP_PlayersLeft!$A$2:$A$1000
Name Position: HELP_PlayersLeft!$B$2:$B$1000

Sheet HOME
A1: Fantasy Football Offline Drafter
B3: Season: | C3: 2023
B4: Version: | C4: 1.2
B5: ADP Last Updated: | C5: 28.08.2023
B7: This is a Google Sheets document to keep track of your Fantasy Football drafts. - Offline drafts with your friends - Can't or don't want to use your Fantasy platform's draft tool - Mock drafts - Whatever you want
B9: !! PLEASE READ FIRST !! You need to create a copy of this document to work with it.
B12: HOW TO USE 1) Create a copy of this document (File --> Create Copy). Downloading this document as Excel will mess with some functions. It is not advised. 2) Choose your league format and number of teams in the "Settings" tab. 3) Enter Team Names and Draft Order in the "Draft Order" tab. You do NOT need to enter team names anywhere else. Everything will be filled automatically. 4) Delete or ignore additional unnecessary draft rounds (delete rows) 5) Share your document URL with your leaguemates or display the sheet during your offline draft party. 6) Select Drafted Players in the "Draft" Tab for your selected league size. Everything else will update automatically. You can hide the other "Draft" tabs. 7) Enjoy! 8) To update to the latest document or ADP version, create a new copy from the latest version. See link below.
B15: New in Version 1.2: - Option to select the number of teams (8, 10, 12 or 14 teams) - Option to choose between Redraft (Standard, Half-PPR, PPR) and Dynasty (1QB, 2QB/SF) rankings - Bye Weeks - Bug Fixes - Improved Performance
B18: Version Check: | C18: =IFERROR(__xludf.DUMMYFUNCTION("IF(IMPORTRANGE(""https://docs.google.com/spreadsheets/d/1gsBtjhuYYhW7fpC0MdrSoM-8x0w5zndM1rr-M-FLa9c/edit#gid=0"",""VersionCheck!B5"")=C4,""YOUR DOCUMENT VERSION IS UP TO DATE"",""NEW DOCUMENT VERSION AVAILABLE"")"),"NEW DOCUMENT VERSION AVAILABLE") -> NEW DOCUMENT VERSION AVAILABLE
B19: ADP Check: | C19: =IFERROR(__xludf.DUMMYFUNCTION("IF(IMPORTRANGE(""https://docs.google.com/spreadsheets/d/1d4z9AxSQnJpejox7fbTfa7ArXQ6X_80pn45rZKeLPMs/edit?usp=sharing"",""Home!C5"")=C5,""YOUR ADPs ARE UP TO DATE"",""NEW ADPs AVAILABLE"")"),"YOUR ADPs ARE UP TO DATE") -> YOUR ADPs ARE UP TO DATE
B20: Latest version: | C20: =IFERROR(__xludf.DUMMYFUNCTION("IMPORTRANGE(""https://docs.google.com/spreadsheets/d/1gsBtjhuYYhW7fpC0MdrSoM-8x0w5zndM1rr-M-FLa9c/edit#gid=0"",""VersionCheck!C5"")"),"https://docs.google.com/spreadsheets/d/1Wf2nrjGo4AQFKorb-gXA_c7V1V-vp1N-ehazda6UBqc") -> https://docs.google.com/spreadsheets/d/1Wf2nrjGo4AQFKorb-gXA_c7V1V-vp1N-ehazda6UBqc
B22: All versions: | C22: https://docs.google.com/spreadsheets/d/1gsBtjhuYYhW7fpC0MdrSoM-8x0w5zndM1rr-M-FLa9c
B25: I would love to receive some feedback via this Google form (1 minute)
B26: https://forms.gle/6FjbktP7ZeMaTDKM8
A29: Created By
A30: Jonas Eble
A31: Discord: OpenSesame#0084
A32: Twitter: @j1eble
A33: Please tell me about any bugs, problems or your wishes for future versions.
A34: Feel free to contact me for any special or individual version of this document.

Sheet Settings
B1: Settings
B3: League | F3: Positions
B5: # of Teams | C5: 14 | F5: TRUE | G5: QB
B6: ADP Rankings | C6: Dynasty | F6: TRUE | G6: RB
B7: Scoring | C7: Half-PPR | D7: (Redraft only) | F7: TRUE | G7: WR
B8: QB Settings | C8: 2QB/SF | D8: (Dynasty only) | F8: TRUE | G8: TE
F9: TRUE | G9: K
F10: TRUE | G10: D/ST
F11: FALSE | G11: DL
F12: FALSE | G12: LB
F13: FALSE | G13: DB

Sheet Teams & Draft Order
B1: Teams & Draft Order
B2: =Settings!C5 -> 14
B3: Select Draft Order: | F3: Teams
G4: =IF(ISBLANK(G6),"ENTER TEAMS HERE FIRST","")
B5: # | C5: Team Name | G5: Team Name | H5: Owner
B6: 1. | C6: Sleeper Cell | F6: 1 | G6: Sleeper Cell
B7: 2. | C7: Phantasm | F7: 2 | G7: Phantasm
B8: 3. | C8: Icelanders | F8: 3 | G8: Icelanders
B9: 4. | C9: El Nino | F9: 4 | G9: El Nino
B10: 5. | C10: Buttheads | F10: 5 | G10: Buttheads
B11: 6. | C11: Big Boys Big Work | F11: 6 | G11: Big Boys Big Work
B12: 7. | C12: Turbo-Ginz | F12: 7 | G12: Turbo-Ginz
B13: 8. | C13: Luddite | F13: 8 | G13: Luddite
B14: 9. | C14: Achaians | F14: 9 | G14: Achaians
B15: 10. | C15: Daddy's Dogs | F15: 10 | G15: Daddy's Dogs
B16: 11. | C16: TDs and Beers | F16: 11 | G16: TDs and Beers
B17: 12. | C17: DD Riders | F17: 12 | G17: DD Riders
... B19: 14. | C19: Red Hammer | F19: 14 | G19: Red Hammer

Sheet Draft (8 Teams)
A1: Round | B1: Pick | C1: =IF(C2="","ENTER TEAMS FIRST","Team") -> Team | D1: =IF(C2="","SEE DRAFT ORDER TAB","Player") -> Player | E1: Team | F1: Pos | G1: Bye | I1: =IFERROR(__xludf.DUMMYFUNCTION("JOIN("" | "",'Team Stats'!C$1:H$1)"),"QB | RB | WR | TE | K | D/ST") -> QB | RB | WR | TE | K | D/ST | J1: =IFERROR(__xludf.DUMMYFUNCTION("JOIN("" | "",'Team Stats'!I$1:K$1)"),"DL | LB | DB") -> DL | LB | DB | L1: ="ADP (Fantasypros, "& HOME!C5 &")" -> ADP (Fantasypros, 28.08.2023)
A2: Round 01 | B2: 1 | C2: ='Teams & Draft Order'!$C$6 -> Sleeper Cell | E2: =IFERROR(VLOOKUP($D2,PlayerDB!$F$2:$G209,2,FALSE),"") | F2: =IFERROR(VLOOKUP($D2,PlayerDB!$F$2:$H209,3,FALSE),"") | G2: =IFERROR(VLOOKUP($D2,PlayerDB!$F$2:$I209,4,FALSE),"") | I2: =IFERROR(__xludf.DUMMYFUNCTION("JOIN("" | "",'Team Stats'!C$2:H$2)"),"1 | 0 | 0 | 0 | 0 | 0") -> 1 | 0 | 0 | 0 | 0 | 0 | J2: =IFERROR(__xludf.DUMMYFUNCTION("JOIN("" | "",'Team Stats'!I$2:K$2)"),"0 | 0 | 0") -> 0 | 0 | 0 | L2: Overall | P2: QB | Q2: =COUNTIF(F:F,"QB") -> 0
B3: 2 | C3: ='Teams & Draft Order'!$C$7 -> Phantasm | E3: =IFERROR(VLOOKUP($D3,PlayerDB!$F$2:$G209,2,FALSE),"") | F3: =IFERROR(VLOOKUP($D3,PlayerDB!$F$2:$H209,3,FALSE),"") | G3: =IFERROR(VLOOKUP($D3,PlayerDB!$F$2:$I209,4,FALSE),"") | I3: =IFERROR(__xludf.DUMMYFUNCTION("JOIN("" | "",'Team Stats'!C$3:H$3)"),"0 | 0 | 0 | 0 | 0 | 0") -> 0 | 0 | 0 | 0 | 0 | 0 | J3: =IFERROR(__xludf.DUMMYFUNCTION("JOIN("" | "",'Team Stats'!I$3:K$3)"),"0 | 0 | 0") -> 0 | 0 | 0 | L3: =IFERROR(__xludf.DUMMYFUNCTION("QUERY(HELP_PlayersLeft!A2:B209, ""select A LIMIT 20"")"),"Ja'Marr Chase – CIN") -> Ja'Marr Chase – CIN | M3: =IFERROR(VLOOKUP(L3,PlayerDB!$F$2:$G209,2,FALSE),"") -> 231.2 | N3: =IFERROR(VLOOKUP($L3,PlayerDB!$F$2:$H209,3,FALSE),"") -> WR | P3: =IFERROR(__xludf.DUMMYFUNCTION("QUERY(HELP_PlayersLeft!A2:B209, ""select A where B ='QB' LIMIT 20"")"),"Lamar Jackson – BAL") -> Lamar Jackson – BAL | Q3: =IFERROR(VLOOKUP(P3,PlayerDB!$F$2:$G209,2,FALSE),"") -> 378.8
B4: 3 | C4: ='Teams & Draft Order'!$C$8 -> Icelanders | E4: =IFERROR(VLOOKUP($D4,PlayerDB!$F$2:$G209,2,FALSE),"") | F4: =IFERROR(VLOOKUP($D4,PlayerDB!$F$2:$H209,3,FALSE),"") | G4: =IFERROR(VLOOKUP($D4,PlayerDB!$F$2:$I209,4,FALSE),"") | I4: =IFERROR(__xludf.DUMMYFUNCTION("JOIN("" | "",'Team Stats'!C$4:H$4)"),"0 | 0 | 0 | 0 | 0 | 0") -> 0 | 0 | 0 | 0 | 0 | 0 | J4: =IFERROR(__xludf.DUMMYFUNCTION("JOIN("" | "",'Team Stats'!I$4:K$4)"),"0 | 0 | 0") -> 0 | 0 | 0 | L4: =IFERROR(__xludf.DUMMYFUNCTION("""COMPUTED_VALUE"""),"Lamar Jackson – BAL") -> Lamar Jackson – BAL | M4: =IFERROR(VLOOKUP(L4,PlayerDB!$F$2:$G209,2,FALSE),"") -> 378.8 | N4: =IFERROR(VLOOKUP($L4,PlayerDB!$F$2:$H209,3,FALSE),"") -> QB | P4: =IFERROR(__xludf.DUMMYFUNCTION("""COMPUTED_VALUE"""),"Josh Allen – BUF") -> Josh Allen – BUF | Q4: =IFERROR(VLOOKUP(P4,PlayerDB!$F$2:$G209,2,FALSE),"") -> 376.7
B5: 4 | C5: ='Teams & Draft Order'!$C$9 -> El Nino | E5: =IFERROR(VLOOKUP($D5,PlayerDB!$F$2:$G209,2,FALSE),"") | F5: =IFERROR(VLOOKUP($D5,PlayerDB!$F$2:$H209,3,FALSE),"") | G5: =IFERROR(VLOOKUP($D5,PlayerDB!$F$2:$I209,4,FALSE),"") | I5: =IFERROR(__xludf.DUMMYFUNCTION("JOIN("" | "",'Team Stats'!C$5:H$5)"),"0 | 0 | 0 | 0 | 0 | 0") -> 0 | 0 | 0 | 0 | 0 | 0 | J5: =IFERROR(__xludf.DUMMYFUNCTION("JOIN("" | "",'Team Stats'!I$5:K$5)"),"0 | 0 | 0") -> 0 | 0 | 0 | L5: =IFERROR(__xludf.DUMMYFUNCTION("""COMPUTED_VALUE"""),"Brock Bowers – LV") -> Brock Bowers – LV | M5: =IFERROR(VLOOKUP(L5,PlayerDB!$F$2:$G209,2,FALSE),"") -> 149.7 | N5: =IFERROR(VLOOKUP($L5,PlayerDB!$F$2:$H209,3,FALSE),"") -> TE | P5: =IFERROR(__xludf.DUMMYFUNCTION("""COMPUTED_VALUE"""),"Jalen Hurts – PHI") -> Jalen Hurts – PHI | Q5: =IFERROR(VLOOKUP(P5,PlayerDB!$F$2:$G209,2,FALSE),"") -> 356.6
B6: 5 | C6: ='Teams & Draft Order'!$C$10 -> Buttheads | E6: =IFERROR(VLOOKUP($D6,PlayerDB!$F$2:$G209,2,FALSE),"") | F6: =IFERROR(VLOOKUP($D6,PlayerDB!$F$2:$H209,3,FALSE),"") | G6: =IFERROR(VLOOKUP($D6,PlayerDB!$F$2:$I209,4,FALSE),"") | I6: =IFERROR(__xludf.DUMMYFUNCTION("JOIN("" | "",'Team Stats'!C$6:H$6)"),"0 | 0 | 0 | 0 | 0 | 0") -> 0 | 0 | 0 | 0 | 0 | 0 | J6: =IFERROR(__xludf.DUMMYFUNCTION("JOIN("" | "",'Team Stats'!I$6:K$6)"),"0 | 0 | 0") -> 0 | 0 | 0 | L6: =IFERROR(__xludf.DUMMYFUNCTION("""COMPUTED_VALUE"""),"Brandon Aubrey – DAL") -> Brandon Aubrey – DAL | M6: =IFERROR(VLOOKUP(L6,PlayerDB!$F$2:$G209,2,FALSE),"") -> 140 | N6: =IFERROR(VLOOKUP($L6,PlayerDB!$F$2:$H209,3,FALSE),"") -> K | P6: =IFERROR(__xludf.DUMMYFUNCTION("""COMPUTED_VALUE"""),"Jayden Daniels – WAS") -> Jayden Daniels – WAS | Q6: =IFERROR(VLOOKUP(P6,PlayerDB!$F$2:$G209,2,FALSE),"") -> 355.8
B7: 6 | C7: ='Teams & Draft Order'!$C$11 -> Big Boys Big Work | E7: =IFERROR(VLOOKUP($D7,PlayerDB!$F$2:$G209,2,FALSE),"") | F7: =IFERROR(VLOOKUP($D7,PlayerDB!$F$2:$H209,3,FALSE),"") | G7: =IFERROR(VLOOKUP($D7,PlayerDB!$F$2:$I209,4,FALSE),"") | I7: =IFERROR(__xludf.DUMMYFUNCTION("JOIN("" | "",'Team Stats'!C$7:H$7)"),"0 | 0 | 0 | 0 | 0 | 0") -> 0 | 0 | 0 | 0 | 0 | 0 | J7: =IFERROR(__xludf.DUMMYFUNCTION("JOIN("" | "",'Team Stats'!I$7:K$7)"),"0 | 0 | 0") -> 0 | 0 | 0 | L7: =IFERROR(__xludf.DUMMYFUNCTION("""COMPUTED_VALUE"""),"Christian McCaffrey – SF") -> Christian McCaffrey – SF | M7: =IFERROR(VLOOKUP(L7,PlayerDB!$F$2:$G209,2,FALSE),"") -> 254 | N7: =IFERROR(VLOOKUP($L7,PlayerDB!$F$2:$H209,3,FALSE),"") -> RB | P7: =IFERROR(__xludf.DUMMYFUNCTION("""COMPUTED_VALUE"""),"Joe Burrow – CIN") -> Joe Burrow – CIN | Q7: =IFERROR(VLOOKUP(P7,PlayerDB!$F$2:$G209,2,FALSE),"") -> 341.6
B8: 7 | C8: ='Teams & Draft Order'!$C$12 -> Turbo-Ginz | E8: =IFERROR(VLOOKUP($D8,PlayerDB!$F$2:$G209,2,FALSE),"") | F8: =IFERROR(VLOOKUP($D8,PlayerDB!$F$2:$H209,3,FALSE),"") | G8: =IFERROR(VLOOKUP($D8,PlayerDB!$F$2:$I209,4,FALSE),"") | I8: =IFERROR(__xludf.DUMMYFUNCTION("JOIN("" | "",'Team Stats'!C$8:H$8)"),"0 | 0 | 0 | 0 | 0 | 0") -> 0 | 0 | 0 | 0 | 0 | 0 | J8: =IFERROR(__xludf.DUMMYFUNCTION("JOIN("" | "",'Team Stats'!I$8:K$8)"),"0 | 0 | 0") -> 0 | 0 | 0 | L8: =IFERROR(__xludf.DUMMYFUNCTION("""COMPUTED_VALUE"""),"Justin Jefferson – MIN") -> Justin Jefferson – MIN | M8: =IFERROR(VLOOKUP(L8,PlayerDB!$F$2:$G209,2,FALSE),"") -> 205.2 | N8: =IFERROR(VLOOKUP($L8,PlayerDB!$F$2:$H209,3,FALSE),"") -> WR | P8: =IFERROR(__xludf.DUMMYFUNCTION("""COMPUTED_VALUE"""),"Patrick Mahomes – KC") -> Patrick Mahomes – KC | Q8: =IFERROR(VLOOKUP(P8,PlayerDB!$F$2:$G209,2,FALSE),"") -> 327.1
B9: 8 | C9: ='Teams & Draft Order'!$C$13 -> Luddite | E9: =IFERROR(VLOOKUP($D9,PlayerDB!$F$2:$G209,2,FALSE),"") | F9: =IFERROR(VLOOKUP($D9,PlayerDB!$F$2:$H209,3,FALSE),"") | G9: =IFERROR(VLOOKUP($D9,PlayerDB!$F$2:$I209,4,FALSE),"") | I9: =IFERROR(__xludf.DUMMYFUNCTION("JOIN("" | "",'Team Stats'!C$9:H$9)"),"0 | 0 | 0 | 0 | 0 | 0") -> 0 | 0 | 0 | 0 | 0 | 0 | J9: =IFERROR(__xludf.DUMMYFUNCTION("JOIN("" | "",'Team Stats'!I$9:K$9)"),"0 | 0 | 0") -> 0 | 0 | 0 | L9: =IFERROR(__xludf.DUMMYFUNCTION("""COMPUTED_VALUE"""),"Josh Allen – BUF") -> Josh Allen – BUF | M9: =IFERROR(VLOOKUP(L9,PlayerDB!$F$2:$G209,2,FALSE),"") -> 376.7 | N9: =IFERROR(VLOOKUP($L9,PlayerDB!$F$2:$H209,3,FALSE),"") -> QB | P9: =IFERROR(__xludf.DUMMYFUNCTION("""COMPUTED_VALUE"""),"Baker Mayfield – TB") -> Baker Mayfield – TB | Q9: =IFERROR(VLOOKUP(P9,PlayerDB!$F$2:$G209,2,FALSE),"") -> 321.6
A10: Round 02 | B10: 9 | C10: ='Teams & Draft Order'!$C$13 -> Luddite | E10: =IFERROR(VLOOKUP($D10,PlayerDB!$F$2:$G209,2,FALSE),"") | F10: =IFERROR(VLOOKUP($D10,PlayerDB!$F$2:$H209,3,FALSE),"") | G10: =IFERROR(VLOOKUP($D10,PlayerDB!$F$2:$I209,4,FALSE),"") | I10: =IFERROR(__xludf.DUMMYFUNCTION("JOIN("" | "",'Team Stats'!C$9:H$9)"),"0 | 0 | 0 | 0 | 0 | 0") -> 0 | 0 | 0 | 0 | 0 | 0 | J10: =IFERROR(__xludf.DUMMYFUNCTION("JOIN("" | "",#REF!)"),"#REF!") -> #REF! | L10: =IFERROR(__xludf.DUMMYFUNCTION("""COMPUTED_VALUE"""),"George Kittle – SF") -> George Kittle – SF | M10: =IFERROR(VLOOKUP(L10,PlayerDB!$F$2:$G209,2,FALSE),"") -> 147.6 | N10: =IFERROR(VLOOKUP($L10,PlayerDB!$F$2:$H209,3,FALSE),"") -> TE | P10: =IFERROR(__xludf.DUMMYFUNCTION("""COMPUTED_VALUE"""),"Kyler Murray – ARI") -> Kyler Murray – ARI | Q10: =IFERROR(VLOOKUP(P10,PlayerDB!$F$2:$G209,2,FALSE),"") -> 319
B11: 10 | C11: ='Teams & Draft Order'!$C$12 -> Turbo-Ginz | E11: =IFERROR(VLOOKUP($D11,PlayerDB!$F$2:$G209,2,FALSE),"") | F11: =IFERROR(VLOOKUP($D11,PlayerDB!$F$2:$H209,3,FALSE),"") | G11: =IFERROR(VLOOKUP($D11,PlayerDB!$F$2:$I209,4,FALSE),"") | I11: =IFERROR(__xludf.DUMMYFUNCTION("JOIN("" | "",'Team Stats'!C$8:H$8)"),"0 | 0 | 0 | 0 | 0 | 0") -> 0 | 0 | 0 | 0 | 0 | 0 | J11: =IFERROR(__xludf.DUMMYFUNCTION("JOIN("" | "",#REF!)"),"#REF!") -> #REF! | L11: =IFERROR(__xludf.DUMMYFUNCTION("""COMPUTED_VALUE"""),"Chase McLaughlin – TB") -> Chase McLaughlin – TB | M11: =IFERROR(VLOOKUP(L11,PlayerDB!$F$2:$G209,2,FALSE),"") -> 136 | N11: =IFERROR(VLOOKUP($L11,PlayerDB!$F$2:$H209,3,FALSE),"") -> K | P11: =IFERROR(__xludf.DUMMYFUNCTION("""COMPUTED_VALUE"""),"Brock Purdy – SF") -> Brock Purdy – SF | Q11: =IFERROR(VLOOKUP(P11,PlayerDB!$F$2:$G209,2,FALSE),"") -> 309.6
B12: 11 | C12: ='Teams & Draft Order'!$C$11 -> Big Boys Big Work | E12: =IFERROR(VLOOKUP($D12,PlayerDB!$F$2:$G209,2,FALSE),"") | F12: =IFERROR(VLOOKUP($D12,PlayerDB!$F$2:$H209,3,FALSE),"") | G12: =IFERROR(VLOOKUP($D12,PlayerDB!$F$2:$I209,4,FALSE),"") | I12: =IFERROR(__xludf.DUMMYFUNCTION("JOIN("" | "",'Team Stats'!C$7:H$7)"),"0 | 0 | 0 | 0 | 0 | 0") -> 0 | 0 | 0 | 0 | 0 | 0 | J12: =IFERROR(__xludf.DUMMYFUNCTION("JOIN("" | "",#REF!)"),"#REF!") -> #REF! | L12: =IFERROR(__xludf.DUMMYFUNCTION("""COMPUTED_VALUE"""),"Derrick Henry – BAL") -> Derrick Henry – BAL | M12: =IFERROR(VLOOKUP(L12,PlayerDB!$F$2:$G209,2,FALSE),"") -> 253 | N12: =IFERROR(VLOOKUP($L12,PlayerDB!$F$2:$H209,3,FALSE),"") -> RB | P12: =IFERROR(__xludf.DUMMYFUNCTION("""COMPUTED_VALUE"""),"Bo Nix – DEN") -> Bo Nix – DEN | Q12: =IFERROR(VLOOKUP(P12,PlayerDB!$F$2:$G209,2,FALSE),"") -> 308.8
B13: 12 | C13: ='Teams & Draft Order'!$C$10 -> Buttheads | E13: =IFERROR(VLOOKUP($D13,PlayerDB!$F$2:$G209,2,FALSE),"") | F13: =IFERROR(VLOOKUP($D13,PlayerDB!$F$2:$H209,3,FALSE),"") | G13: =IFERROR(VLOOKUP($D13,PlayerDB!$F$2:$I209,4,FALSE),"") | I13: =IFERROR(__xludf.DUMMYFUNCTION("JOIN("" | "",'Team Stats'!C$6:H$6)"),"0 | 0 | 0 | 0 | 0 | 0") -> 0 | 0 | 0 | 0 | 0 | 0 | J13: =IFERROR(__xludf.DUMMYFUNCTION("JOIN("" | "",#REF!)"),"#REF!") -> #REF! | L13: =IFERROR(__xludf.DUMMYFUNCTION("""COMPUTED_VALUE"""),"CeeDee Lamb – DAL") -> CeeDee Lamb – DAL | M13: =IFERROR(VLOOKUP(L13,PlayerDB!$F$2:$G209,2,FALSE),"") -> 193 | N13: =IFERROR(VLOOKUP($L13,PlayerDB!$F$2:$H209,3,FALSE),"") -> WR | P13: =IFERROR(__xludf.DUMMYFUNCTION("""COMPUTED_VALUE"""),"Justin Fields – NYJ") -> Justin Fields – NYJ | Q13: =IFERROR(VLOOKUP(P13,PlayerDB!$F$2:$G209,2,FALSE),"") -> 300.9
B14: 13 | C14: ='Teams & Draft Order'!$C$9 -> El Nino | E14: =IFERROR(VLOOKUP($D14,PlayerDB!$F$2:$G209,2,FALSE),"") | F14: =IFERROR(VLOOKUP($D14,PlayerDB!$F$2:$H209,3,FALSE),"") | G14: =IFERROR(VLOOKUP($D14,PlayerDB!$F$2:$I209,4,FALSE),"") | I14: =IFERROR(__xludf.DUMMYFUNCTION("JOIN("" | "",'Team Stats'!C$5:H$5)"),"0 | 0 | 0 | 0 | 0 | 0") -> 0 | 0 | 0 | 0 | 0 | 0 | J14: =IFERROR(__xludf.DUMMYFUNCTION("JOIN("" | "",#REF!)"),"#REF!") -> #REF! | L14: =IFERROR(__xludf.DUMMYFUNCTION("""COMPUTED_VALUE"""),"Jalen Hurts – PHI") -> Jalen Hurts – PHI | M14: =IFERROR(VLOOKUP(L14,PlayerDB!$F$2:$G209,2,FALSE),"") -> 356.6 | N14: =IFERROR(VLOOKUP($L14,PlayerDB!$F$2:$H209,3,FALSE),"") -> QB | P14: =IFERROR(__xludf.DUMMYFUNCTION("""COMPUTED_VALUE"""),"Justin Herbert – LAC") -> Justin Herbert – LAC | Q14: =IFERROR(VLOOKUP(P14,PlayerDB!$F$2:$G209,2,FALSE),"") -> 293.8
B15: 14 | C15: ='Teams & Draft Order'!$C$8 -> Icelanders | E15: =IFERROR(VLOOKUP($D15,PlayerDB!$F$2:$G209,2,FALSE),"") | F15: =IFERROR(VLOOKUP($D15,PlayerDB!$F$2:$H209,3,FALSE),"") | G15: =IFERROR(VLOOKUP($D15,PlayerDB!$F$2:$I209,4,FALSE),"") | I15: =IFERROR(__xludf.DUMMYFUNCTION("JOIN("" | "",'Team Stats'!C$4:H$4)"),"0 | 0 | 0 | 0 | 0 | 0") -> 0 | 0 | 0 | 0 | 0 | 0 | J15: =IFERROR(__xludf.DUMMYFUNCTION("JOIN("" | "",#REF!)"),"#REF!") -> #REF! | L15: =IFERROR(__xludf.DUMMYFUNCTION("""COMPUTED_VALUE"""),"Trey McBride – ARI") -> Trey McBride – ARI | M15: =IFERROR(VLOOKUP(L15,PlayerDB!$F$2:$G209,2,FALSE),"") -> 139.4 | N15: =IFERROR(VLOOKUP($L15,PlayerDB!$F$2:$H209,3,FALSE),"") -> TE | P15: =IFERROR(__xludf.DUMMYFUNCTION("""COMPUTED_VALUE"""),"Jared Goff – DET") -> Jared Goff – DET | Q15: =IFERROR(VLOOKUP(P15,PlayerDB!$F$2:$G209,2,FALSE),"") -> 290
B16: 15 | C16: ='Teams & Draft Order'!$C$7 -> Phantasm | E16: =IFERROR(VLOOKUP($D16,PlayerDB!$F$2:$G209,2,FALSE),"") | F16: =IFERROR(VLOOKUP($D16,PlayerDB!$F$2:$H209,3,FALSE),"") | G16: =IFERROR(VLOOKUP($D16,PlayerDB!$F$2:$I209,4,FALSE),"") | I16: =IFERROR(__xludf.DUMMYFUNCTION("JOIN("" | "",'Team Stats'!C$3:H$3)"),"0 | 0 | 0 | 0 | 0 | 0") -> 0 | 0 | 0 | 0 | 0 | 0 | J16: =IFERROR(__xludf.DUMMYFUNCTION("JOIN("" | "",#REF!)"),"#REF!") -> #REF! | L16: =IFERROR(__xludf.DUMMYFUNCTION("""COMPUTED_VALUE"""),"Cameron Dicker – LAC") -> Cameron Dicker – LAC | M16: =IFERROR(VLOOKUP(L16,PlayerDB!$F$2:$G209,2,FALSE),"") -> 135 | N16: =IFERROR(VLOOKUP($L16,PlayerDB!$F$2:$H209,3,FALSE),"") -> K | P16: =IFERROR(__xludf.DUMMYFUNCTION("""COMPUTED_VALUE"""),"Dak Prescott – DAL") -> Dak Prescott – DAL | Q16: =IFERROR(VLOOKUP(P16,PlayerDB!$F$2:$G209,2,FALSE),"") -> 290
B17: 16 | C17: ='Teams & Draft Order'!$C$6 -> Sleeper Cell | E17: =IFERROR(VLOOKUP($D17,PlayerDB!$F$2:$G209,2,FALSE),"") | F17: =IFERROR(VLOOKUP($D17,PlayerDB!$F$2:$H209,3,FALSE),"") | G17: =IFERROR(VLOOKUP($D17,PlayerDB!$F$2:$I209,4,FALSE),"") | I17: =IFERROR(__xludf.DUMMYFUNCTION("JOIN("" | "",'Team Stats'!C$2:H$2)"),"1 | 0 | 0 | 0 | 0 | 0") -> 1 | 0 | 0 | 0 | 0 | 0 | J17: =IFERROR(__xludf.DUMMYFUNCTION("JOIN("" | "",#REF!)"),"#REF!") -> #REF! | L17: =IFERROR(__xludf.DUMMYFUNCTION("""COMPUTED_VALUE"""),"Saquon Barkley – PHI") -> Saquon Barkley – PHI | M17: =IFERROR(VLOOKUP(L17,PlayerDB!$F$2:$G209,2,FALSE),"") -> 231 | N17: =IFERROR(VLOOKUP($L17,PlayerDB!$F$2:$H209,3,FALSE),"") -> RB | P17: =IFERROR(__xludf.DUMMYFUNCTION("""COMPUTED_VALUE"""),"J.J. McCarthy – MIN") -> J.J. McCarthy – MIN | Q17: =IFERROR(VLOOKUP(P17,PlayerDB!$F$2:$G209,2,FALSE),"") -> 289.2
A18: Round 03 | B18: 17 | C18: ='Teams & Draft Order'!$C$6 -> Sleeper Cell | E18: =IFERROR(VLOOKUP($D18,PlayerDB!$F$2:$G209,2,FALSE),"") | F18: =IFERROR(VLOOKUP($D18,PlayerDB!$F$2:$H209,3,FALSE),"") | G18: =IFERROR(VLOOKUP($D18,PlayerDB!$F$2:$I209,4,FALSE),"") | I18: =IFERROR(__xludf.DUMMYFUNCTION("JOIN("" | "",'Team Stats'!C$2:H$2)"),"1 | 0 | 0 | 0 | 0 | 0") -> 1 | 0 | 0 | 0 | 0 | 0 | J18: =IFERROR(__xludf.DUMMYFUNCTION("JOIN("" | "",'Team Stats'!I$9:K$9)"),"0 | 0 | 0") -> 0 | 0 | 0 | L18: =IFERROR(__xludf.DUMMYFUNCTION("""COMPUTED_VALUE"""),"Puka Nacua – LAR") -> Puka Nacua – LAR | M18: =IFERROR(VLOOKUP(L18,PlayerDB!$F$2:$G209,2,FALSE),"") -> 187.7 | N18: =IFERROR(VLOOKUP($L18,PlayerDB!$F$2:$H209,3,FALSE),"") -> WR | P18: =IFERROR(__xludf.DUMMYFUNCTION("""COMPUTED_VALUE"""),"Caleb Williams – CHI") -> Caleb Williams – CHI | Q18: =IFERROR(VLOOKUP(P18,PlayerDB!$F$2:$G209,2,FALSE),"") -> 287.5
B19: 18 | C19: ='Teams & Draft Order'!$C$7 -> Phantasm | E19: =IFERROR(VLOOKUP($D19,PlayerDB!$F$2:$G209,2,FALSE),"") | F19: =IFERROR(VLOOKUP($D19,PlayerDB!$F$2:$H209,3,FALSE),"") | G19: =IFERROR(VLOOKUP($D19,PlayerDB!$F$2:$I209,4,FALSE),"") | I19: =IFERROR(__xludf.DUMMYFUNCTION("JOIN("" | "",'Team Stats'!C$3:H$3)"),"0 | 0 | 0 | 0 | 0 | 0") -> 0 | 0 | 0 | 0 | 0 | 0 | J19: =IFERROR(__xludf.DUMMYFUNCTION("JOIN("" | "",'Team Stats'!I$8:K$8)"),"0 | 0 | 0") -> 0 | 0 | 0 | L19: =IFERROR(__xludf.DUMMYFUNCTION("""COMPUTED_VALUE"""),"Jayden Daniels – WAS") -> Jayden Daniels – WAS | M19: =IFERROR(VLOOKUP(L19,PlayerDB!$F$2:$G209,2,FALSE),"") -> 355.8 | N19: =IFERROR(VLOOKUP($L19,PlayerDB!$F$2:$H209,3,FALSE),"") -> QB | P19: =IFERROR(__xludf.DUMMYFUNCTION("""COMPUTED_VALUE"""),"C.J. Stroud – HOU") -> C.J. Stroud – HOU | Q19: =IFERROR(VLOOKUP(P19,PlayerDB!$F$2:$G209,2,FALSE),"") -> 279.8
B20: 19 | C20: ='Teams & Draft Order'!$C$8 -> Icelanders | E20: =IFERROR(VLOOKUP($D20,PlayerDB!$F$2:$G209,2,FALSE),"") | F20: =IFERROR(VLOOKUP($D20,PlayerDB!$F$2:$H209,3,FALSE),"") | G20: =IFERROR(VLOOKUP($D20,PlayerDB!$F$2:$I209,4,FALSE),"") | I20: =IFERROR(__xludf.DUMMYFUNCTION("JOIN("" | "",'Team Stats'!C$4:H$4)"),"0 | 0 | 0 | 0 | 0 | 0") -> 0 | 0 | 0 | 0 | 0 | 0 | J20: =IFERROR(__xludf.DUMMYFUNCTION("JOIN("" | "",'Team Stats'!I$7:K$7)"),"0 | 0 | 0") -> 0 | 0 | 0 | L20: =IFERROR(__xludf.DUMMYFUNCTION("""COMPUTED_VALUE"""),"Mark Andrews – BAL") -> Mark Andrews – BAL | M20: =IFERROR(VLOOKUP(L20,PlayerDB!$F$2:$G209,2,FALSE),"") -> 117.3 | N20: =IFERROR(VLOOKUP($L20,PlayerDB!$F$2:$H209,3,FALSE),"") -> TE | P20: =IFERROR(__xludf.DUMMYFUNCTION("""COMPUTED_VALUE"""),"Jordan Love – GB") -> Jordan Love – GB | Q20: =IFERROR(VLOOKUP(P20,PlayerDB!$F$2:$G209,2,FALSE),"") -> 278.7
B21: 20 | C21: ='Teams & Draft Order'!$C$9 -> El Nino | E21: =IFERROR(VLOOKUP($D21,PlayerDB!$F$2:$G209,2,FALSE),"") | F21: =IFERROR(VLOOKUP($D21,PlayerDB!$F$2:$H209,3,FALSE),"") | G21: =IFERROR(VLOOKUP($D21,PlayerDB!$F$2:$I209,4,FALSE),"") | I21: =IFERROR(__xludf.DUMMYFUNCTION("JOIN("" | "",'Team Stats'!C$5:H$5)"),"0 | 0 | 0 | 0 | 0 | 0") -> 0 | 0 | 0 | 0 | 0 | 0 | J21: =IFERROR(__xludf.DUMMYFUNCTION("JOIN("" | "",'Team Stats'!I$6:K$6)"),"0 | 0 | 0") -> 0 | 0 | 0 | L21: =IFERROR(__xludf.DUMMYFUNCTION("""COMPUTED_VALUE"""),"Jake Elliott – PHI") -> Jake Elliott – PHI | M21: =IFERROR(VLOOKUP(L21,PlayerDB!$F$2:$G209,2,FALSE),"") -> 134 | N21: =IFERROR(VLOOKUP($L21,PlayerDB!$F$2:$H209,3,FALSE),"") -> K | P21: =IFERROR(__xludf.DUMMYFUNCTION("""COMPUTED_VALUE"""),"Trevor Lawrence – JAX") -> Trevor Lawrence – JAX | Q21: =IFERROR(VLOOKUP(P21,PlayerDB!$F$2:$G209,2,FALSE),"") -> 273.8
B22: 21 | C22: ='Teams & Draft Order'!$C$10 -> Buttheads | E22: =IFERROR(VLOOKUP($D22,PlayerDB!$F$2:$G209,2,FALSE),"") | F22: =IFERROR(VLOOKUP($D22,PlayerDB!$F$2:$H209,3,FALSE),"") | G22: =IFERROR(VLOOKUP($D22,PlayerDB!$F$2:$I209,4,FALSE),"") | I22: =IFERROR(__xludf.DUMMYFUNCTION("JOIN("" | "",'Team Stats'!C$6:H$6)"),"0 | 0 | 0 | 0 | 0 | 0") -> 0 | 0 | 0 | 0 | 0 | 0 | J22: =IFERROR(__xludf.DUMMYFUNCTION("JOIN("" | "",'Team Stats'!I$5:K$5)"),"0 | 0 | 0") -> 0 | 0 | 0 | L22: =IFERROR(__xludf.DUMMYFUNCTION("""COMPUTED_VALUE"""),"Jahmyr Gibbs – DET") -> Jahmyr Gibbs – DET | M22: =IFERROR(VLOOKUP(L22,PlayerDB!$F$2:$G209,2,FALSE),"") -> 244 | N22: =IFERROR(VLOOKUP($L22,PlayerDB!$F$2:$H209,3,FALSE),"") -> RB | P22: =IFERROR(__xludf.DUMMYFUNCTION("""COMPUTED_VALUE"""),"Drake Maye – NE") -> Drake Maye – NE | Q22: =IFERROR(VLOOKUP(P22,PlayerDB!$F$2:$G209,2,FALSE),"") -> 270.8
B23: 22 | C23: ='Teams & Draft Order'!$C$11 -> Big Boys Big Work | E23: =IFERROR(VLOOKUP($D23,PlayerDB!$F$2:$G209,2,FALSE),"") | F23: =IFERROR(VLOOKUP($D23,PlayerDB!$F$2:$H209,3,FALSE),"") | G23: =IFERROR(VLOOKUP($D23,PlayerDB!$F$2:$I209,4,FALSE),"") | I23: =IFERROR(__xludf.DUMMYFUNCTION("JOIN("" | "",'Team Stats'!C$7:H$7)"),"0 | 0 | 0 | 0 | 0 | 0") -> 0 | 0 | 0 | 0 | 0 | 0 | J23: =IFERROR(__xludf.DUMMYFUNCTION("JOIN("" | "",'Team Stats'!I$4:K$4)"),"0 | 0 | 0") -> 0 | 0 | 0
B24: 23 | C24: ='Teams & Draft Order'!$C$12 -> Turbo-Ginz | E24: =IFERROR(VLOOKUP($D24,PlayerDB!$F$2:$G209,2,FALSE),"") | F24: =IFERROR(VLOOKUP($D24,PlayerDB!$F$2:$H209,3,FALSE),"") | G24: =IFERROR(VLOOKUP($D24,PlayerDB!$F$2:$I209,4,FALSE),"") | I24: =IFERROR(__xludf.DUMMYFUNCTION("JOIN("" | "",'Team Stats'!C$8:H$8)"),"0 | 0 | 0 | 0 | 0 | 0") -> 0 | 0 | 0 | 0 | 0 | 0 | J24: =IFERROR(__xludf.DUMMYFUNCTION("JOIN("" | "",'Team Stats'!I$3:K$3)"),"0 | 0 | 0") -> 0 | 0 | 0
B25: 24 | C25: ='Teams & Draft Order'!$C$13 -> Luddite | E25: =IFERROR(VLOOKUP($D25,PlayerDB!$F$2:$G209,2,FALSE),"") | F25: =IFERROR(VLOOKUP($D25,PlayerDB!$F$2:$H209,3,FALSE),"") | G25: =IFERROR(VLOOKUP($D25,PlayerDB!$F$2:$I209,4,FALSE),"") | I25: =IFERROR(__xludf.DUMMYFUNCTION("JOIN("" | "",'Team Stats'!C$9:H$9)"),"0 | 0 | 0 | 0 | 0 | 0") -> 0 | 0 | 0 | 0 | 0 | 0 | J25: =IFERROR(__xludf.DUMMYFUNCTION("JOIN("" | "",'Team Stats'!I$2:K$2)"),"0 | 0 | 0") -> 0 | 0 | 0
A26: Round 04 | B26: 25 | C26: ='Teams & Draft Order'!$C$13 -> Luddite | E26: =IFERROR(VLOOKUP($D26,PlayerDB!$F$2:$G209,2,FALSE),"") | F26: =IFERROR(VLOOKUP($D26,PlayerDB!$F$2:$H209,3,FALSE),"") | G26: =IFERROR(VLOOKUP($D26,PlayerDB!$F$2:$I209,4,FALSE),"") | I26: =IFERROR(__xludf.DUMMYFUNCTION("JOIN("" | "",'Team Stats'!C$9:H$9)"),"0 | 0 | 0 | 0 | 0 | 0") -> 0 | 0 | 0 | 0 | 0 | 0 | J26: =IFERROR(__xludf.DUMMYFUNCTION("JOIN("" | "",'Team Stats'!I$2:K$2)"),"0 | 0 | 0") -> 0 | 0 | 0 | L26: RB | M26: =COUNTIF(F:F,"RB") -> 0 | P26: WR | Q26: =COUNTIF(F:F,"WR") -> 0
B27: 26 | C27: ='Teams & Draft Order'!$C$12 -> Turbo-Ginz | E27: =IFERROR(VLOOKUP($D27,PlayerDB!$F$2:$G209,2,FALSE),"") | F27: =IFERROR(VLOOKUP($D27,PlayerDB!$F$2:$H209,3,FALSE),"") | G27: =IFERROR(VLOOKUP($D27,PlayerDB!$F$2:$I209,4,FALSE),"") | I27: =IFERROR(__xludf.DUMMYFUNCTION("JOIN("" | "",'Team Stats'!C$8:H$8)"),"0 | 0 | 0 | 0 | 0 | 0") -> 0 | 0 | 0 | 0 | 0 | 0 | J27: =IFERROR(__xludf.DUMMYFUNCTION("JOIN("" | "",'Team Stats'!I$3:K$3)"),"0 | 0 | 0") -> 0 | 0 | 0 | L27: =IFERROR(__xludf.DUMMYFUNCTION("QUERY(HELP_PlayersLeft!A2:B209, ""select A where B ='RB' LIMIT 20"")"),"Christian McCaffrey – SF") -> Christian McCaffrey – SF | M27: =IFERROR(VLOOKUP(L27,PlayerDB!$F$2:$G209,2,FALSE),"") -> 254 | P27: =IFERROR(__xludf.DUMMYFUNCTION("QUERY(HELP_PlayersLeft!A2:B209, ""select A where B ='WR' LIMIT 20"")"),"Ja'Marr Chase – CIN") -> Ja'Marr Chase – CIN | Q27: =IFERROR(VLOOKUP(P27,PlayerDB!$F$2:$G209,2,FALSE),"") -> 231.2
B28: 27 | C28: ='Teams & Draft Order'!$C$11 -> Big Boys Big Work | E28: =IFERROR(VLOOKUP($D28,PlayerDB!$F$2:$G209,2,FALSE),"") | F28: =IFERROR(VLOOKUP($D28,PlayerDB!$F$2:$H209,3,FALSE),"") | G28: =IFERROR(VLOOKUP($D28,PlayerDB!$F$2:$I209,4,FALSE),"") | I28: =IFERROR(__xludf.DUMMYFUNCTION("JOIN("" | "",'Team Stats'!C$7:H$7)"),"0 | 0 | 0 | 0 | 0 | 0") -> 0 | 0 | 0 | 0 | 0 | 0 | J28: =IFERROR(__xludf.DUMMYFUNCTION("JOIN("" | "",'Team Stats'!I$4:K$4)"),"0 | 0 | 0") -> 0 | 0 | 0 | L28: =IFERROR(__xludf.DUMMYFUNCTION("""COMPUTED_VALUE"""),"Derrick Henry – BAL") -> Derrick Henry – BAL | M28: =IFERROR(VLOOKUP(L28,PlayerDB!$F$2:$G209,2,FALSE),"") -> 253 | P28: =IFERROR(__xludf.DUMMYFUNCTION("""COMPUTED_VALUE"""),"Justin Jefferson – MIN") -> Justin Jefferson – MIN | Q28: =IFERROR(VLOOKUP(P28,PlayerDB!$F$2:$G209,2,FALSE),"") -> 205.2
B29: 28 | C29: ='Teams & Draft Order'!$C$10 -> Buttheads | E29: =IFERROR(VLOOKUP($D29,PlayerDB!$F$2:$G209,2,FALSE),"") | F29: =IFERROR(VLOOKUP($D29,PlayerDB!$F$2:$H209,3,FALSE),"") | G29: =IFERROR(VLOOKUP($D29,PlayerDB!$F$2:$I209,4,FALSE),"") | I29: =IFERROR(__xludf.DUMMYFUNCTION("JOIN("" | "",'Team Stats'!C$6:H$6)"),"0 | 0 | 0 | 0 | 0 | 0") -> 0 | 0 | 0 | 0 | 0 | 0 | J29: =IFERROR(__xludf.DUMMYFUNCTION("JOIN("" | "",'Team Stats'!I$5:K$5)"),"0 | 0 | 0") -> 0 | 0 | 0 | L29: =IFERROR(__xludf.DUMMYFUNCTION("""COMPUTED_VALUE"""),"Saquon Barkley – PHI") -> Saquon Barkley – PHI | M29: =IFERROR(VLOOKUP(L29,PlayerDB!$F$2:$G209,2,FALSE),"") -> 231 | P29: =IFERROR(__xludf.DUMMYFUNCTION("""COMPUTED_VALUE"""),"CeeDee Lamb – DAL") -> CeeDee Lamb – DAL | Q29: =IFERROR(VLOOKUP(P29,PlayerDB!$F$2:$G209,2,FALSE),"") -> 193
B30: 29 | C30: ='Teams & Draft Order'!$C$9 -> El Nino | E30: =IFERROR(VLOOKUP($D30,PlayerDB!$F$2:$G209,2,FALSE),"") | F30: =IFERROR(VLOOKUP($D30,PlayerDB!$F$2:$H209,3,FALSE),"") | G30: =IFERROR(VLOOKUP($D30,PlayerDB!$F$2:$I209,4,FALSE),"") | I30: =IFERROR(__xludf.DUMMYFUNCTION("JOIN("" | "",'Team Stats'!C$5:H$5)"),"0 | 0 | 0 | 0 | 0 | 0") -> 0 | 0 | 0 | 0 | 0 | 0 | J30: =IFERROR(__xludf.DUMMYFUNCTION("JOIN("" | "",'Team Stats'!I$6:K$6)"),"0 | 0 | 0") -> 0 | 0 | 0 | L30: =IFERROR(__xludf.DUMMYFUNCTION("""COMPUTED_VALUE"""),"Jahmyr Gibbs – DET") -> Jahmyr Gibbs – DET | M30: =IFERROR(VLOOKUP(L30,PlayerDB!$F$2:$G209,2,FALSE),"") -> 244 | P30: =IFERROR(__xludf.DUMMYFUNCTION("""COMPUTED_VALUE"""),"Puka Nacua – LAR") -> Puka Nacua – LAR | Q30: =IFERROR(VLOOKUP(P30,PlayerDB!$F$2:$G209,2,FALSE),"") -> 187.7
B31: 30 | C31: ='Teams & Draft Order'!$C$8 -> Icelanders | E31: =IFERROR(VLOOKUP($D31,PlayerDB!$F$2:$G209,2,FALSE),"") | F31: =IFERROR(VLOOKUP($D31,PlayerDB!$F$2:$H209,3,FALSE),"") | G31: =IFERROR(VLOOKUP($D31,PlayerDB!$F$2:$I209,4,FALSE),"") | I31: =IFERROR(__xludf.DUMMYFUNCTION("JOIN("" | "",'Team Stats'!C$4:H$4)"),"0 | 0 | 0 | 0 | 0 | 0") -> 0 | 0 | 0 | 0 | 0 | 0 | J31: =IFERROR(__xludf.DUMMYFUNCTION("JOIN("" | "",'Team Stats'!I$7:K$7)"),"0 | 0 | 0") -> 0 | 0 | 0 | L31: =IFERROR(__xludf.DUMMYFUNCTION("""COMPUTED_VALUE"""),"Jonathan Taylor – IND") -> Jonathan Taylor – IND | M31: =IFERROR(VLOOKUP(L31,PlayerDB!$F$2:$G209,2,FALSE),"") -> 224 | P31: =IFERROR(__xludf.DUMMYFUNCTION("""COMPUTED_VALUE"""),"Nico Collins – HOU") -> Nico Collins – HOU | Q31: =IFERROR(VLOOKUP(P31,PlayerDB!$F$2:$G209,2,FALSE),"") -> 183.6
B32: 31 | C32: ='Teams & Draft Order'!$C$7 -> Phantasm | E32: =IFERROR(VLOOKUP($D32,PlayerDB!$F$2:$G209,2,FALSE),"") | F32: =IFERROR(VLOOKUP($D32,PlayerDB!$F$2:$H209,3,FALSE),"") | G32: =IFERROR(VLOOKUP($D32,PlayerDB!$F$2:$I209,4,FALSE),"") | I32: =IFERROR(__xludf.DUMMYFUNCTION("JOIN("" | "",'Team Stats'!C$3:H$3)"),"0 | 0 | 0 | 0 | 0 | 0") -> 0 | 0 | 0 | 0 | 0 | 0 | J32: =IFERROR(__xludf.DUMMYFUNCTION("JOIN("" | "",'Team Stats'!I$8:K$8)"),"0 | 0 | 0") -> 0 | 0 | 0 | L32: =IFERROR(__xludf.DUMMYFUNCTION("""COMPUTED_VALUE"""),"Josh Jacobs – GB") -> Josh Jacobs – GB | M32: =IFERROR(VLOOKUP(L32,PlayerDB!$F$2:$G209,2,FALSE),"") -> 224 | P32: =IFERROR(__xludf.DUMMYFUNCTION("""COMPUTED_VALUE"""),"Malik Nabers – NYG") -> Malik Nabers – NYG | Q32: =IFERROR(VLOOKUP(P32,PlayerDB!$F$2:$G209,2,FALSE),"") -> 183.3
B33: 32 | C33: ='Teams & Draft Order'!$C$6 -> Sleeper Cell | E33: =IFERROR(VLOOKUP($D33,PlayerDB!$F$2:$G209,2,FALSE),"") | F33: =IFERROR(VLOOKUP($D33,PlayerDB!$F$2:$H209,3,FALSE),"") | G33: =IFERROR(VLOOKUP($D33,PlayerDB!$F$2:$I209,4,FALSE),"") | I33: =IFERROR(__xludf.DUMMYFUNCTION("JOIN("" | "",'Team Stats'!C$2:H$2)"),"1 | 0 | 0 | 0 | 0 | 0") -> 1 | 0 | 0 | 0 | 0 | 0 | J33: =IFERROR(__xludf.DUMMYFUNCTION("JOIN("" | "",'Team Stats'!I$9:K$9)"),"0 | 0 | 0") -> 0 | 0 | 0 | L33: =IFERROR(__xludf.DUMMYFUNCTION("""COMPUTED_VALUE"""),"Ashton Jeanty – LV") -> Ashton Jeanty – LV | M33: =IFERROR(VLOOKUP(L33,PlayerDB!$F$2:$G209,2,FALSE),"") -> 222 | P33: =IFERROR(__xludf.DUMMYFUNCTION("""COMPUTED_VALUE"""),"Brian Thomas Jr. – JAX") -> Brian Thomas Jr. – JAX | Q33: =IFERROR(VLOOKUP(P33,PlayerDB!$F$2:$G209,2,FALSE),"") -> 181.4
A34: Round 05 | B34: 33 | C34: ='Teams & Draft Order'!$C$6 -> Sleeper Cell | E34: =IFERROR(VLOOKUP($D34,PlayerDB!$F$2:$G209,2,FALSE),"") | F34: =IFERROR(VLOOKUP($D34,PlayerDB!$F$2:$H209,3,FALSE),"") | G34: =IFERROR(VLOOKUP($D34,PlayerDB!$F$2:$I209,4,FALSE),"") | I34: =IFERROR(__xludf.DUMMYFUNCTION("JOIN("" | "",'Team Stats'!C$2:H$2)"),"1 | 0 | 0 | 0 | 0 | 0") -> 1 | 0 | 0 | 0 | 0 | 0 | J34: =IFERROR(__xludf.DUMMYFUNCTION("JOIN("" | "",#REF!)"),"#REF!") -> #REF! | L34: =IFERROR(__xludf.DUMMYFUNCTION("""COMPUTED_VALUE"""),"Kyren Williams – LAR") -> Kyren Williams – LAR | M34: =IFERROR(VLOOKUP(L34,PlayerDB!$F$2:$G209,2,FALSE),"") -> 215 | P34: =IFERROR(__xludf.DUMMYFUNCTION("""COMPUTED_VALUE"""),"Amon-Ra St. Brown – DET") -> Amon-Ra St. Brown – DET | Q34: =IFERROR(VLOOKUP(P34,PlayerDB!$F$2:$G209,2,FALSE),"") -> 180.8
B35: 34 | C35: ='Teams & Draft Order'!$C$7 -> Phantasm | E35: =IFERROR(VLOOKUP($D35,PlayerDB!$F$2:$G209,2,FALSE),"") | F35: =IFERROR(VLOOKUP($D35,PlayerDB!$F$2:$H209,3,FALSE),"") | G35: =IFERROR(VLOOKUP($D35,PlayerDB!$F$2:$I209,4,FALSE),"") | I35: =IFERROR(__xludf.DUMMYFUNCTION("JOIN("" | "",'Team Stats'!C$3:H$3)"),"0 | 0 | 0 | 0 | 0 | 0") -> 0 | 0 | 0 | 0 | 0 | 0 | J35: =IFERROR(__xludf.DUMMYFUNCTION("JOIN("" | "",#REF!)"),"#REF!") -> #REF! | L35: =IFERROR(__xludf.DUMMYFUNCTION("""COMPUTED_VALUE"""),"De'Von Achane – MIA") -> De'Von Achane – MIA | M35: =IFERROR(VLOOKUP(L35,PlayerDB!$F$2:$G209,2,FALSE),"") -> 212 | P35: =IFERROR(__xludf.DUMMYFUNCTION("""COMPUTED_VALUE"""),"A.J. Brown – PHI") -> A.J. Brown – PHI | Q35: =IFERROR(VLOOKUP(P35,PlayerDB!$F$2:$G209,2,FALSE),"") -> 172.8
B36: 35 | C36: ='Teams & Draft Order'!$C$8 -> Icelanders | E36: =IFERROR(VLOOKUP($D36,PlayerDB!$F$2:$G209,2,FALSE),"") | F36: =IFERROR(VLOOKUP($D36,PlayerDB!$F$2:$H209,3,FALSE),"") | G36: =IFERROR(VLOOKUP($D36,PlayerDB!$F$2:$I209,4,FALSE),"") | I36: =IFERROR(__xludf.DUMMYFUNCTION("JOIN("" | "",'Team Stats'!C$4:H$4)"),"0 | 0 | 0 | 0 | 0 | 0") -> 0 | 0 | 0 | 0 | 0 | 0 | J36: =IFERROR(__xludf.DUMMYFUNCTION("JOIN("" | "",#REF!)"),"#REF!") -> #REF! | L36: =IFERROR(__xludf.DUMMYFUNCTION("""COMPUTED_VALUE"""),"Bucky Irving – TB") -> Bucky Irving – TB | M36: =IFERROR(VLOOKUP(L36,PlayerDB!$F$2:$G209,2,FALSE),"") -> 210 | P36: =IFERROR(__xludf.DUMMYFUNCTION("""COMPUTED_VALUE"""),"Tyreek Hill – MIA") -> Tyreek Hill – MIA | Q36: =IFERROR(VLOOKUP(P36,PlayerDB!$F$2:$G209,2,FALSE),"") -> 168.5
B37: 36 | C37: ='Teams & Draft Order'!$C$9 -> El Nino | E37: =IFERROR(VLOOKUP($D37,PlayerDB!$F$2:$G209,2,FALSE),"") | F37: =IFERROR(VLOOKUP($D37,PlayerDB!$F$2:$H209,3,FALSE),"") | G37: =IFERROR(VLOOKUP($D37,PlayerDB!$F$2:$I209,4,FALSE),"") | I37: =IFERROR(__xludf.DUMMYFUNCTION("JOIN("" | "",'Team Stats'!C$5:H$5)"),"0 | 0 | 0 | 0 | 0 | 0") -> 0 | 0 | 0 | 0 | 0 | 0 | J37: =IFERROR(__xludf.DUMMYFUNCTION("JOIN("" | "",#REF!)"),"#REF!") -> #REF! | L37: =IFERROR(__xludf.DUMMYFUNCTION("""COMPUTED_VALUE"""),"James Cook – BUF") -> James Cook – BUF | M37: =IFERROR(VLOOKUP(L37,PlayerDB!$F$2:$G209,2,FALSE),"") -> 195 | P37: =IFERROR(__xludf.DUMMYFUNCTION("""COMPUTED_VALUE"""),"Drake London – ATL") -> Drake London – ATL | Q37: =IFERROR(VLOOKUP(P37,PlayerDB!$F$2:$G209,2,FALSE),"") -> 167.1
B38: 37 | C38: ='Teams & Draft Order'!$C$10 -> Buttheads | E38: =IFERROR(VLOOKUP($D38,PlayerDB!$F$2:$G209,2,FALSE),"") | F38: =IFERROR(VLOOKUP($D38,PlayerDB!$F$2:$H209,3,FALSE),"") | G38: =IFERROR(VLOOKUP($D38,PlayerDB!$F$2:$I209,4,FALSE),"") | I38: =IFERROR(__xludf.DUMMYFUNCTION("JOIN("" | "",'Team Stats'!C$6:H$6)"),"0 | 0 | 0 | 0 | 0 | 0") -> 0 | 0 | 0 | 0 | 0 | 0 | J38: =IFERROR(__xludf.DUMMYFUNCTION("JOIN("" | "",#REF!)"),"#REF!") -> #REF! | L38: =IFERROR(__xludf.DUMMYFUNCTION("""COMPUTED_VALUE"""),"Chase Brown – CIN") -> Chase Brown – CIN | M38: =IFERROR(VLOOKUP(L38,PlayerDB!$F$2:$G209,2,FALSE),"") -> 186 | P38: =IFERROR(__xludf.DUMMYFUNCTION("""COMPUTED_VALUE"""),"Ladd McConkey – LAC") -> Ladd McConkey – LAC | Q38: =IFERROR(VLOOKUP(P38,PlayerDB!$F$2:$G209,2,FALSE),"") -> 165.4
B39: 38 | C39: ='Teams & Draft Order'!$C$11 -> Big Boys Big Work | E39: =IFERROR(VLOOKUP($D39,PlayerDB!$F$2:$G209,2,FALSE),"") | F39: =IFERROR(VLOOKUP($D39,PlayerDB!$F$2:$H209,3,FALSE),"") | G39: =IFERROR(VLOOKUP($D39,PlayerDB!$F$2:$I209,4,FALSE),"") | I39: =IFERROR(__xludf.DUMMYFUNCTION("JOIN("" | "",'Team Stats'!C$7:H$7)"),"0 | 0 | 0 | 0 | 0 | 0") -> 0 | 0 | 0 | 0 | 0 | 0 | J39: =IFERROR(__xludf.DUMMYFUNCTION("JOIN("" | "",#REF!)"),"#REF!") -> #REF! | L39: =IFERROR(__xludf.DUMMYFUNCTION("""COMPUTED_VALUE"""),"Omarion Hampton – LAC") -> Omarion Hampton – LAC | M39: =IFERROR(VLOOKUP(L39,PlayerDB!$F$2:$G209,2,FALSE),"") -> 177 | P39: =IFERROR(__xludf.DUMMYFUNCTION("""COMPUTED_VALUE"""),"Mike Evans – TB") -> Mike Evans – TB | Q39: =IFERROR(VLOOKUP(P39,PlayerDB!$F$2:$G209,2,FALSE),"") -> 164.5
B40: 39 | C40: ='Teams & Draft Order'!$C$12 -> Turbo-Ginz | E40: =IFERROR(VLOOKUP($D40,PlayerDB!$F$2:$G209,2,FALSE),"") | F40: =IFERROR(VLOOKUP($D40,PlayerDB!$F$2:$H209,3,FALSE),"") | G40: =IFERROR(VLOOKUP($D40,PlayerDB!$F$2:$I209,4,FALSE),"") | I40: =IFERROR(__xludf.DUMMYFUNCTION("JOIN("" | "",'Team Stats'!C$8:H$8)"),"0 | 0 | 0 | 0 | 0 | 0") -> 0 | 0 | 0 | 0 | 0 | 0 | J40: =IFERROR(__xludf.DUMMYFUNCTION("JOIN("" | "",#REF!)"),"#REF!") -> #REF! | L40: =IFERROR(__xludf.DUMMYFUNCTION("""COMPUTED_VALUE"""),"Kenneth Walker III – SEA") -> Kenneth Walker III – SEA | M40: =IFERROR(VLOOKUP(L40,PlayerDB!$F$2:$G209,2,FALSE),"") -> 180 | P40: =IFERROR(__xludf.DUMMYFUNCTION("""COMPUTED_VALUE"""),"Tee Higgins – CIN") -> Tee Higgins – CIN | Q40: =IFERROR(VLOOKUP(P40,PlayerDB!$F$2:$G209,2,FALSE),"") -> 161.1
B41: 40 | C41: ='Teams & Draft Order'!$C$13 -> Luddite | E41: =IFERROR(VLOOKUP($D41,PlayerDB!$F$2:$G209,2,FALSE),"") | F41: =IFERROR(VLOOKUP($D41,PlayerDB!$F$2:$H209,3,FALSE),"") | G41: =IFERROR(VLOOKUP($D41,PlayerDB!$F$2:$I209,4,FALSE),"") | I41: =IFERROR(__xludf.DUMMYFUNCTION("JOIN("" | "",'Team Stats'!C$9:H$9)"),"0 | 0 | 0 | 0 | 0 | 0") -> 0 | 0 | 0 | 0 | 0 | 0 | J41: =IFERROR(__xludf.DUMMYFUNCTION("JOIN("" | "",#REF!)"),"#REF!") -> #REF! | L41: =IFERROR(__xludf.DUMMYFUNCTION("""COMPUTED_VALUE"""),"Breece Hall – NYJ") -> Breece Hall – NYJ | M41: =IFERROR(VLOOKUP(L41,PlayerDB!$F$2:$G209,2,FALSE),"") -> 183 | P41: =IFERROR(__xludf.DUMMYFUNCTION("""COMPUTED_VALUE"""),"Terry McLaurin – WAS") -> Terry McLaurin – WAS | Q41: =IFERROR(VLOOKUP(P41,PlayerDB!$F$2:$G209,2,FALSE),"") -> 160.9
A42: Round 06 | B42: 41 | C42: ='Teams & Draft Order'!$C$13 -> Luddite | E42: =IFERROR(VLOOKUP($D42,PlayerDB!$F$2:$G209,2,FALSE),"") | F42: =IFERROR(VLOOKUP($D42,PlayerDB!$F$2:$H209,3,FALSE),"") | G42: =IFERROR(VLOOKUP($D42,PlayerDB!$F$2:$I209,4,FALSE),"") | I42: =IFERROR(__xludf.DUMMYFUNCTION("JOIN("" | "",'Team Stats'!C$9:H$9)"),"0 | 0 | 0 | 0 | 0 | 0") -> 0 | 0 | 0 | 0 | 0 | 0 | J42: =IFERROR(__xludf.DUMMYFUNCTION("JOIN("" | "",'Team Stats'!I$9:K$9)"),"0 | 0 | 0") -> 0 | 0 | 0 | L42: =IFERROR(__xludf.DUMMYFUNCTION("""COMPUTED_VALUE"""),"Chuba Hubbard – CAR") -> Chuba Hubbard – CAR | M42: =IFERROR(VLOOKUP(L42,PlayerDB!$F$2:$G209,2,FALSE),"") -> 176 | P42: =IFERROR(__xludf.DUMMYFUNCTION("""COMPUTED_VALUE"""),"Davante Adams – LAR") -> Davante Adams – LAR | Q42: =IFERROR(VLOOKUP(P42,PlayerDB!$F$2:$G209,2,FALSE),"") -> 159.2
B43: 42 | C43: ='Teams & Draft Order'!$C$12 -> Turbo-Ginz | E43: =IFERROR(VLOOKUP($D43,PlayerDB!$F$2:$G209,2,FALSE),"") | F43: =IFERROR(VLOOKUP($D43,PlayerDB!$F$2:$H209,3,FALSE),"") | G43: =IFERROR(VLOOKUP($D43,PlayerDB!$F$2:$I209,4,FALSE),"") | I43: =IFERROR(__xludf.DUMMYFUNCTION("JOIN("" | "",'Team Stats'!C$8:H$8)"),"0 | 0 | 0 | 0 | 0 | 0") -> 0 | 0 | 0 | 0 | 0 | 0 | J43: =IFERROR(__xludf.DUMMYFUNCTION("JOIN("" | "",'Team Stats'!I$8:K$8)"),"0 | 0 | 0") -> 0 | 0 | 0 | L43: =IFERROR(__xludf.DUMMYFUNCTION("""COMPUTED_VALUE"""),"James Conner – ARI") -> James Conner – ARI | M43: =IFERROR(VLOOKUP(L43,PlayerDB!$F$2:$G209,2,FALSE),"") -> 177 | P43: =IFERROR(__xludf.DUMMYFUNCTION("""COMPUTED_VALUE"""),"Marvin Harrison Jr. – ARI") -> Marvin Harrison Jr. – ARI | Q43: =IFERROR(VLOOKUP(P43,PlayerDB!$F$2:$G209,2,FALSE),"") -> 154.5
B44: 43 | C44: ='Teams & Draft Order'!$C$11 -> Big Boys Big Work | E44: =IFERROR(VLOOKUP($D44,PlayerDB!$F$2:$G209,2,FALSE),"") | F44: =IFERROR(VLOOKUP($D44,PlayerDB!$F$2:$H209,3,FALSE),"") | G44: =IFERROR(VLOOKUP($D44,PlayerDB!$F$2:$I209,4,FALSE),"") | I44: =IFERROR(__xludf.DUMMYFUNCTION("JOIN("" | "",'Team Stats'!C$7:H$7)"),"0 | 0 | 0 | 0 | 0 | 0") -> 0 | 0 | 0 | 0 | 0 | 0 | J44: =IFERROR(__xludf.DUMMYFUNCTION("JOIN("" | "",'Team Stats'!I$7:K$7)"),"0 | 0 | 0") -> 0 | 0 | 0 | L44: =IFERROR(__xludf.DUMMYFUNCTION("""COMPUTED_VALUE"""),"Alvin Kamara – NO") -> Alvin Kamara – NO | M44: =IFERROR(VLOOKUP(L44,PlayerDB!$F$2:$G209,2,FALSE),"") -> 174 | P44: =IFERROR(__xludf.DUMMYFUNCTION("""COMPUTED_VALUE"""),"DK Metcalf – PIT") -> DK Metcalf – PIT | Q44: =IFERROR(VLOOKUP(P44,PlayerDB!$F$2:$G209,2,FALSE),"") -> 151.9
B45: 44 | C45: ='Teams & Draft Order'!$C$10 -> Buttheads | E45: =IFERROR(VLOOKUP($D45,PlayerDB!$F$2:$G209,2,FALSE),"") | F45: =IFERROR(VLOOKUP($D45,PlayerDB!$F$2:$H209,3,FALSE),"") | G45: =IFERROR(VLOOKUP($D45,PlayerDB!$F$2:$I209,4,FALSE),"") | I45: =IFERROR(__xludf.DUMMYFUNCTION("JOIN("" | "",'Team Stats'!C$6:H$6)"),"0 | 0 | 0 | 0 | 0 | 0") -> 0 | 0 | 0 | 0 | 0 | 0 | J45: =IFERROR(__xludf.DUMMYFUNCTION("JOIN("" | "",'Team Stats'!I$6:K$6)"),"0 | 0 | 0") -> 0 | 0 | 0 | L45: =IFERROR(__xludf.DUMMYFUNCTION("""COMPUTED_VALUE"""),"David Montgomery – DET") -> David Montgomery – DET | M45: =IFERROR(VLOOKUP(L45,PlayerDB!$F$2:$G209,2,FALSE),"") -> 159 | P45: =IFERROR(__xludf.DUMMYFUNCTION("""COMPUTED_VALUE"""),"Jaxon Smith-Njigba – SEA") -> Jaxon Smith-Njigba – SEA | Q45: =IFERROR(VLOOKUP(P45,PlayerDB!$F$2:$G209,2,FALSE),"") -> 151.5
B46: 45 | C46: ='Teams & Draft Order'!$C$9 -> El Nino | E46: =IFERROR(VLOOKUP($D46,PlayerDB!$F$2:$G209,2,FALSE),"") | F46: =IFERROR(VLOOKUP($D46,PlayerDB!$F$2:$H209,3,FALSE),"") | G46: =IFERROR(VLOOKUP($D46,PlayerDB!$F$2:$I209,4,FALSE),"") | I46: =IFERROR(__xludf.DUMMYFUNCTION("JOIN("" | "",'Team Stats'!C$5:H$5)"),"0 | 0 | 0 | 0 | 0 | 0") -> 0 | 0 | 0 | 0 | 0 | 0 | J46: =IFERROR(__xludf.DUMMYFUNCTION("JOIN("" | "",'Team Stats'!I$5:K$5)"),"0 | 0 | 0") -> 0 | 0 | 0 | L46: =IFERROR(__xludf.DUMMYFUNCTION("""COMPUTED_VALUE"""),"Isiah Pacheco – KC") -> Isiah Pacheco – KC | M46: =IFERROR(VLOOKUP(L46,PlayerDB!$F$2:$G209,2,FALSE),"") -> 146 | P46: =IFERROR(__xludf.DUMMYFUNCTION("""COMPUTED_VALUE"""),"Zay Flowers – BAL") -> Zay Flowers – BAL | Q46: =IFERROR(VLOOKUP(P46,PlayerDB!$F$2:$G209,2,FALSE),"") -> 145.2
B47: 46 | C47: ='Teams & Draft Order'!$C$8 -> Icelanders | E47: =IFERROR(VLOOKUP($D47,PlayerDB!$F$2:$G209,2,FALSE),"") | F47: =IFERROR(VLOOKUP($D47,PlayerDB!$F$2:$H209,3,FALSE),"") | G47: =IFERROR(VLOOKUP($D47,PlayerDB!$F$2:$I209,4,FALSE),"") | I47: =IFERROR(__xludf.DUMMYFUNCTION("JOIN("" | "",'Team Stats'!C$4:H$4)"),"0 | 0 | 0 | 0 | 0 | 0") -> 0 | 0 | 0 | 0 | 0 | 0 | J47: =IFERROR(__xludf.DUMMYFUNCTION("JOIN("" | "",'Team Stats'!I$4:K$4)"),"0 | 0 | 0") -> 0 | 0 | 0
B48: 47 | C48: ='Teams & Draft Order'!$C$7 -> Phantasm | E48: =IFERROR(VLOOKUP($D48,PlayerDB!$F$2:$G209,2,FALSE),"") | F48: =IFERROR(VLOOKUP($D48,PlayerDB!$F$2:$H209,3,FALSE),"") | G48: =IFERROR(VLOOKUP($D48,PlayerDB!$F$2:$I209,4,FALSE),"") | I48: =IFERROR(__xludf.DUMMYFUNCTION("JOIN("" | "",'Team Stats'!C$3:H$3)"),"0 | 0 | 0 | 0 | 0 | 0") -> 0 | 0 | 0 | 0 | 0 | 0 | J48: =IFERROR(__xludf.DUMMYFUNCTION("JOIN("" | "",'Team Stats'!I$3:K$3)"),"0 | 0 | 0") -> 0 | 0 | 0
B49: 48 | C49: ='Teams & Draft Order'!$C$6 -> Sleeper Cell | E49: =IFERROR(VLOOKUP($D49,PlayerDB!$F$2:$G209,2,FALSE),"") | F49: =IFERROR(VLOOKUP($D49,PlayerDB!$F$2:$H209,3,FALSE),"") | G49: =IFERROR(VLOOKUP($D49,PlayerDB!$F$2:$I209,4,FALSE),"") | I49: =IFERROR(__xludf.DUMMYFUNCTION("JOIN("" | "",'Team Stats'!C$2:H$2)"),"1 | 0 | 0 | 0 | 0 | 0") -> 1 | 0 | 0 | 0 | 0 | 0 | J49: =IFERROR(__xludf.DUMMYFUNCTION("JOIN("" | "",'Team Stats'!I$2:K$2)"),"0 | 0 | 0") -> 0 | 0 | 0
A50: Round 07 | B50: 49 | C50: ='Teams & Draft Order'!$C$6 -> Sleeper Cell | E50: =IFERROR(VLOOKUP($D50,PlayerDB!$F$2:$G209,2,FALSE),"") | F50: =IFERROR(VLOOKUP($D50,PlayerDB!$F$2:$H209,3,FALSE),"") | G50: =IFERROR(VLOOKUP($D50,PlayerDB!$F$2:$I209,4,FALSE),"") | I50: =IFERROR(__xludf.DUMMYFUNCTION("JOIN("" | "",'Team Stats'!C$2:H$2)"),"1 | 0 | 0 | 0 | 0 | 0") -> 1 | 0 | 0 | 0 | 0 | 0 | J50: =IFERROR(__xludf.DUMMYFUNCTION("JOIN("" | "",'Team Stats'!I$2:K$2)"),"0 | 0 | 0") -> 0 | 0 | 0 | L50: TE | M50: =COUNTIF(F:F,"TE") -> 0 | P50: K | Q50: =COUNTIF(F:F,"K") -> 0
B51: 50 | C51: ='Teams & Draft Order'!$C$7 -> Phantasm | E51: =IFERROR(VLOOKUP($D51,PlayerDB!$F$2:$G209,2,FALSE),"") | F51: =IFERROR(VLOOKUP($D51,PlayerDB!$F$2:$H209,3,FALSE),"") | G51: =IFERROR(VLOOKUP($D51,PlayerDB!$F$2:$I209,4,FALSE),"") | I51: =IFERROR(__xludf.DUMMYFUNCTION("JOIN("" | "",'Team Stats'!C$3:H$3)"),"0 | 0 | 0 | 0 | 0 | 0") -> 0 | 0 | 0 | 0 | 0 | 0 | J51: =IFERROR(__xludf.DUMMYFUNCTION("JOIN("" | "",'Team Stats'!I$3:K$3)"),"0 | 0 | 0") -> 0 | 0 | 0 | L51: =IFERROR(__xludf.DUMMYFUNCTION("QUERY(HELP_PlayersLeft!A2:B209, ""select A where B ='TE' LIMIT 20"")"),"Brock Bowers – LV") -> Brock Bowers – LV | M51: =IFERROR(VLOOKUP(L51,PlayerDB!$F$2:$G209,2,FALSE),"") -> 149.7 | P51: =IFERROR(__xludf.DUMMYFUNCTION("QUERY(HELP_PlayersLeft!A2:B209, ""select A where B ='K' LIMIT 20"")"),"Brandon Aubrey – DAL") -> Brandon Aubrey – DAL | Q51: =IFERROR(VLOOKUP(P51,PlayerDB!$F$2:$G209,2,FALSE),"") -> 140
B52: 51 | C52: ='Teams & Draft Order'!$C$8 -> Icelanders | E52: =IFERROR(VLOOKUP($D52,PlayerDB!$F$2:$G209,2,FALSE),"") | F52: =IFERROR(VLOOKUP($D52,PlayerDB!$F$2:$H209,3,FALSE),"") | G52: =IFERROR(VLOOKUP($D52,PlayerDB!$F$2:$I209,4,FALSE),"") | I52: =IFERROR(__xludf.DUMMYFUNCTION("JOIN("" | "",'Team Stats'!C$4:H$4)"),"0 | 0 | 0 | 0 | 0 | 0") -> 0 | 0 | 0 | 0 | 0 | 0 | J52: =IFERROR(__xludf.DUMMYFUNCTION("JOIN("" | "",'Team Stats'!I$4:K$4)"),"0 | 0 | 0") -> 0 | 0 | 0 | L52: =IFERROR(__xludf.DUMMYFUNCTION("""COMPUTED_VALUE"""),"George Kittle – SF") -> George Kittle – SF | M52: =IFERROR(VLOOKUP(L52,PlayerDB!$F$2:$G209,2,FALSE),"") -> 147.6 | P52: =IFERROR(__xludf.DUMMYFUNCTION("""COMPUTED_VALUE"""),"Chase McLaughlin – TB") -> Chase McLaughlin – TB | Q52: =IFERROR(VLOOKUP(P52,PlayerDB!$F$2:$G209,2,FALSE),"") -> 136
B53: 52 | C53: ='Teams & Draft Order'!$C$9 -> El Nino | E53: =IFERROR(VLOOKUP($D53,PlayerDB!$F$2:$G209,2,FALSE),"") | F53: =IFERROR(VLOOKUP($D53,PlayerDB!$F$2:$H209,3,FALSE),"") | G53: =IFERROR(VLOOKUP($D53,PlayerDB!$F$2:$I209,4,FALSE),"") | I53: =IFERROR(__xludf.DUMMYFUNCTION("JOIN("" | "",'Team Stats'!C$5:H$5)"),"0 | 0 | 0 | 0 | 0 | 0") -> 0 | 0 | 0 | 0 | 0 | 0 | J53: =IFERROR(__xludf.DUMMYFUNCTION("JOIN("" | "",'Team Stats'!I$5:K$5)"),"0 | 0 | 0") -> 0 | 0 | 0 | L53: =IFERROR(__xludf.DUMMYFUNCTION("""COMPUTED_VALUE"""),"Trey McBride – ARI") -> Trey McBride – ARI | M53: =IFERROR(VLOOKUP(L53,PlayerDB!$F$2:$G209,2,FALSE),"") -> 139.4 | P53: =IFERROR(__xludf.DUMMYFUNCTION("""COMPUTED_VALUE"""),"Cameron Dicker – LAC") -> Cameron Dicker – LAC | Q53: =IFERROR(VLOOKUP(P53,PlayerDB!$F$2:$G209,2,FALSE),"") -> 135
B54: 53 | C54: ='Teams & Draft Order'!$C$10 -> Buttheads | E54: =IFERROR(VLOOKUP($D54,PlayerDB!$F$2:$G209,2,FALSE),"") | F54: =IFERROR(VLOOKUP($D54,PlayerDB!$F$2:$H209,3,FALSE),"") | G54: =IFERROR(VLOOKUP($D54,PlayerDB!$F$2:$I209,4,FALSE),"") | I54: =IFERROR(__xludf.DUMMYFUNCTION("JOIN("" | "",'Team Stats'!C$6:H$6)"),"0 | 0 | 0 | 0 | 0 | 0") -> 0 | 0 | 0 | 0 | 0 | 0 | J54: =IFERROR(__xludf.DUMMYFUNCTION("JOIN("" | "",'Team Stats'!I$6:K$6)"),"0 | 0 | 0") -> 0 | 0 | 0 | L54: =IFERROR(__xludf.DUMMYFUNCTION("""COMPUTED_VALUE"""),"Mark Andrews – BAL") -> Mark Andrews – BAL | M54: =IFERROR(VLOOKUP(L54,PlayerDB!$F$2:$G209,2,FALSE),"") -> 117.3 | P54: =IFERROR(__xludf.DUMMYFUNCTION("""COMPUTED_VALUE"""),"Jake Elliott – PHI") -> Jake Elliott – PHI | Q54: =IFERROR(VLOOKUP(P54,PlayerDB!$F$2:$G209,2,FALSE),"") -> 134
B55: 54 | C55: ='Teams & Draft Order'!$C$11 -> Big Boys Big Work | E55: =IFERROR(VLOOKUP($D55,PlayerDB!$F$2:$G209,2,FALSE),"") | F55: =IFERROR(VLOOKUP($D55,PlayerDB!$F$2:$H209,3,FALSE),"") | G55: =IFERROR(VLOOKUP($D55,PlayerDB!$F$2:$I209,4,FALSE),"") | I55: =IFERROR(__xludf.DUMMYFUNCTION("JOIN("" | "",'Team Stats'!C$7:H$7)"),"0 | 0 | 0 | 0 | 0 | 0") -> 0 | 0 | 0 | 0 | 0 | 0 | J55: =IFERROR(__xludf.DUMMYFUNCTION("JOIN("" | "",'Team Stats'!I$7:K$7)"),"0 | 0 | 0") -> 0 | 0 | 0 | L55: =IFERROR(__xludf.DUMMYFUNCTION("""COMPUTED_VALUE"""),"Sam LaPorta – DET") -> Sam LaPorta – DET | M55: =IFERROR(VLOOKUP(L55,PlayerDB!$F$2:$G209,2,FALSE),"") -> 115.6 | P55: =IFERROR(__xludf.DUMMYFUNCTION("""COMPUTED_VALUE"""),"Matt Gay – WAS") -> Matt Gay – WAS | Q55: =IFERROR(VLOOKUP(P55,PlayerDB!$F$2:$G209,2,FALSE),"") -> 134
B56: 55 | C56: ='Teams & Draft Order'!$C$12 -> Turbo-Ginz | E56: =IFERROR(VLOOKUP($D56,PlayerDB!$F$2:$G209,2,FALSE),"") | F56: =IFERROR(VLOOKUP($D56,PlayerDB!$F$2:$H209,3,FALSE),"") | G56: =IFERROR(VLOOKUP($D56,PlayerDB!$F$2:$I209,4,FALSE),"") | I56: =IFERROR(__xludf.DUMMYFUNCTION("JOIN("" | "",'Team Stats'!C$8:H$8)"),"0 | 0 | 0 | 0 | 0 | 0") -> 0 | 0 | 0 | 0 | 0 | 0 | J56: =IFERROR(__xludf.DUMMYFUNCTION("JOIN("" | "",'Team Stats'!I$8:K$8)"),"0 | 0 | 0") -> 0 | 0 | 0 | L56: =IFERROR(__xludf.DUMMYFUNCTION("""COMPUTED_VALUE"""),"T.J. Hockenson – MIN") -> T.J. Hockenson – MIN | M56: =IFERROR(VLOOKUP(L56,PlayerDB!$F$2:$G209,2,FALSE),"") -> 106.5 | P56: =IFERROR(__xludf.DUMMYFUNCTION("""COMPUTED_VALUE"""),"Jake Bates – DET") -> Jake Bates – DET | Q56: =IFERROR(VLOOKUP(P56,PlayerDB!$F$2:$G209,2,FALSE),"") -> 132
B57: 56 | C57: ='Teams & Draft Order'!$C$13 -> Luddite | E57: =IFERROR(VLOOKUP($D57,PlayerDB!$F$2:$G209,2,FALSE),"") | F57: =IFERROR(VLOOKUP($D57,PlayerDB!$F$2:$H209,3,FALSE),"") | G57: =IFERROR(VLOOKUP($D57,PlayerDB!$F$2:$I209,4,FALSE),"") | I57: =IFERROR(__xludf.DUMMYFUNCTION("JOIN("" | "",'Team Stats'!C$9:H$9)"),"0 | 0 | 0 | 0 | 0 | 0") -> 0 | 0 | 0 | 0 | 0 | 0 | J57: =IFERROR(__xludf.DUMMYFUNCTION("JOIN("" | "",'Team Stats'!I$9:K$9)"),"0 | 0 | 0") -> 0 | 0 | 0 | L57: =IFERROR(__xludf.DUMMYFUNCTION("""COMPUTED_VALUE"""),"Travis Kelce – KC") -> Travis Kelce – KC | M57: =IFERROR(VLOOKUP(L57,PlayerDB!$F$2:$G209,2,FALSE),"") -> 105.9 | P57: =IFERROR(__xludf.DUMMYFUNCTION("""COMPUTED_VALUE"""),"Chris Boswell – PIT") -> Chris Boswell – PIT | Q57: =IFERROR(VLOOKUP(P57,PlayerDB!$F$2:$G209,2,FALSE),"") -> 132
A58: Round 08 | B58: 57 | C58: ='Teams & Draft Order'!$C$13 -> Luddite | E58: =IFERROR(VLOOKUP($D58,PlayerDB!$F$2:$G209,2,FALSE),"") | F58: =IFERROR(VLOOKUP($D58,PlayerDB!$F$2:$H209,3,FALSE),"") | G58: =IFERROR(VLOOKUP($D58,PlayerDB!$F$2:$I209,4,FALSE),"") | I58: =IFERROR(__xludf.DUMMYFUNCTION("JOIN("" | "",'Team Stats'!C$9:H$9)"),"0 | 0 | 0 | 0 | 0 | 0") -> 0 | 0 | 0 | 0 | 0 | 0 | J58: =IFERROR(__xludf.DUMMYFUNCTION("JOIN("" | "",#REF!)"),"#REF!") -> #REF! | L58: =IFERROR(__xludf.DUMMYFUNCTION("""COMPUTED_VALUE"""),"David Njoku – CLE") -> David Njoku – CLE | M58: =IFERROR(VLOOKUP(L58,PlayerDB!$F$2:$G209,2,FALSE),"") -> 101.1 | P58: =IFERROR(__xludf.DUMMYFUNCTION("""COMPUTED_VALUE"""),"Tyler Loop – BAL") -> Tyler Loop – BAL | Q58: =IFERROR(VLOOKUP(P58,PlayerDB!$F$2:$G209,2,FALSE),"") -> 130
B59: 58 | C59: ='Teams & Draft Order'!$C$12 -> Turbo-Ginz | E59: =IFERROR(VLOOKUP($D59,PlayerDB!$F$2:$G209,2,FALSE),"") | F59: =IFERROR(VLOOKUP($D59,PlayerDB!$F$2:$H209,3,FALSE),"") | G59: =IFERROR(VLOOKUP($D59,PlayerDB!$F$2:$I209,4,FALSE),"") | I59: =IFERROR(__xludf.DUMMYFUNCTION("JOIN("" | "",'Team Stats'!C$8:H$8)"),"0 | 0 | 0 | 0 | 0 | 0") -> 0 | 0 | 0 | 0 | 0 | 0 | J59: =IFERROR(__xludf.DUMMYFUNCTION("JOIN("" | "",#REF!)"),"#REF!") -> #REF! | L59: =IFERROR(__xludf.DUMMYFUNCTION("""COMPUTED_VALUE"""),"Tucker Kraft – GB") -> Tucker Kraft – GB | M59: =IFERROR(VLOOKUP(L59,PlayerDB!$F$2:$G209,2,FALSE),"") -> 92.6 | P59: =IFERROR(__xludf.DUMMYFUNCTION("""COMPUTED_VALUE"""),"Daniel Carlson – LV") -> Daniel Carlson – LV | Q59: =IFERROR(VLOOKUP(P59,PlayerDB!$F$2:$G209,2,FALSE),"") -> 129
B60: 59 | C60: ='Teams & Draft Order'!$C$11 -> Big Boys Big Work | E60: =IFERROR(VLOOKUP($D60,PlayerDB!$F$2:$G209,2,FALSE),"") | F60: =IFERROR(VLOOKUP($D60,PlayerDB!$F$2:$H209,3,FALSE),"") | G60: =IFERROR(VLOOKUP($D60,PlayerDB!$F$2:$I209,4,FALSE),"") | I60: =IFERROR(__xludf.DUMMYFUNCTION("JOIN("" | "",'Team Stats'!C$7:H$7)"),"0 | 0 | 0 | 0 | 0 | 0") -> 0 | 0 | 0 | 0 | 0 | 0 | J60: =IFERROR(__xludf.DUMMYFUNCTION("JOIN("" | "",#REF!)"),"#REF!") -> #REF! | L60: =IFERROR(__xludf.DUMMYFUNCTION("""COMPUTED_VALUE"""),"Tyler Warren – IND") -> Tyler Warren – IND | M60: =IFERROR(VLOOKUP(L60,PlayerDB!$F$2:$G209,2,FALSE),"") -> 88.7 | P60: =IFERROR(__xludf.DUMMYFUNCTION("""COMPUTED_VALUE"""),"Ka’imi Fairbairn – HOU") -> Ka’imi Fairbairn – HOU | Q60: =IFERROR(VLOOKUP(P60,PlayerDB!$F$2:$G209,2,FALSE),"") -> 128
B61: 60 | C61: ='Teams & Draft Order'!$C$10 -> Buttheads | E61: =IFERROR(VLOOKUP($D61,PlayerDB!$F$2:$G209,2,FALSE),"") | F61: =IFERROR(VLOOKUP($D61,PlayerDB!$F$2:$H209,3,FALSE),"") | G61: =IFERROR(VLOOKUP($D61,PlayerDB!$F$2:$I209,4,FALSE),"") | I61: =IFERROR(__xludf.DUMMYFUNCTION("JOIN("" | "",'Team Stats'!C$6:H$6)"),"0 | 0 | 0 | 0 | 0 | 0") -> 0 | 0 | 0 | 0 | 0 | 0 | J61: =IFERROR(__xludf.DUMMYFUNCTION("JOIN("" | "",#REF!)"),"#REF!") -> #REF! | L61: =IFERROR(__xludf.DUMMYFUNCTION("""COMPUTED_VALUE"""),"Dallas Goedert – PHI") -> Dallas Goedert – PHI | M61: =IFERROR(VLOOKUP(L61,PlayerDB!$F$2:$G209,2,FALSE),"") -> 85.8 | P61: =IFERROR(__xludf.DUMMYFUNCTION("""COMPUTED_VALUE"""),"Evan McPherson – CIN") -> Evan McPherson – CIN | Q61: =IFERROR(VLOOKUP(P61,PlayerDB!$F$2:$G209,2,FALSE),"") -> 127
B62: 61 | C62: ='Teams & Draft Order'!$C$9 -> El Nino | E62: =IFERROR(VLOOKUP($D62,PlayerDB!$F$2:$G209,2,FALSE),"") | F62: =IFERROR(VLOOKUP($D62,PlayerDB!$F$2:$H209,3,FALSE),"") | G62: =IFERROR(VLOOKUP($D62,PlayerDB!$F$2:$I209,4,FALSE),"") | I62: =IFERROR(__xludf.DUMMYFUNCTION("JOIN("" | "",'Team Stats'!C$5:H$5)"),"0 | 0 | 0 | 0 | 0 | 0") -> 0 | 0 | 0 | 0 | 0 | 0 | J62: =IFERROR(__xludf.DUMMYFUNCTION("JOIN("" | "",#REF!)"),"#REF!") -> #REF! | L62: =IFERROR(__xludf.DUMMYFUNCTION("""COMPUTED_VALUE"""),"Zach Ertz – WAS") -> Zach Ertz – WAS | M62: =IFERROR(VLOOKUP(L62,PlayerDB!$F$2:$G209,2,FALSE),"") -> 84.2 | P62: =IFERROR(__xludf.DUMMYFUNCTION("""COMPUTED_VALUE"""),"Tyler Bass – BUF") -> Tyler Bass – BUF | Q62: =IFERROR(VLOOKUP(P62,PlayerDB!$F$2:$G209,2,FALSE),"") -> 126
B63: 62 | C63: ='Teams & Draft Order'!$C$8 -> Icelanders | E63: =IFERROR(VLOOKUP($D63,PlayerDB!$F$2:$G209,2,FALSE),"") | F63: =IFERROR(VLOOKUP($D63,PlayerDB!$F$2:$H209,3,FALSE),"") | G63: =IFERROR(VLOOKUP($D63,PlayerDB!$F$2:$I209,4,FALSE),"") | I63: =IFERROR(__xludf.DUMMYFUNCTION("JOIN("" | "",'Team Stats'!C$4:H$4)"),"0 | 0 | 0 | 0 | 0 | 0") -> 0 | 0 | 0 | 0 | 0 | 0 | J63: =IFERROR(__xludf.DUMMYFUNCTION("JOIN("" | "",#REF!)"),"#REF!") -> #REF! | L63: =IFERROR(__xludf.DUMMYFUNCTION("""COMPUTED_VALUE"""),"Dalton Kincaid – BUF") -> Dalton Kincaid – BUF | M63: =IFERROR(VLOOKUP(L63,PlayerDB!$F$2:$G209,2,FALSE),"") -> 83.6 | P63: =IFERROR(__xludf.DUMMYFUNCTION("""COMPUTED_VALUE"""),"Wil Lutz – DEN") -> Wil Lutz – DEN | Q63: =IFERROR(VLOOKUP(P63,PlayerDB!$F$2:$G209,2,FALSE),"") -> 126
B64: 63 | C64: ='Teams & Draft Order'!$C$7 -> Phantasm | E64: =IFERROR(VLOOKUP($D64,PlayerDB!$F$2:$G209,2,FALSE),"") | F64: =IFERROR(VLOOKUP($D64,PlayerDB!$F$2:$H209,3,FALSE),"") | G64: =IFERROR(VLOOKUP($D64,PlayerDB!$F$2:$I209,4,FALSE),"") | I64: =IFERROR(__xludf.DUMMYFUNCTION("JOIN("" | "",'Team Stats'!C$3:H$3)"),"0 | 0 | 0 | 0 | 0 | 0") -> 0 | 0 | 0 | 0 | 0 | 0 | J64: =IFERROR(__xludf.DUMMYFUNCTION("JOIN("" | "",#REF!)"),"#REF!") -> #REF! | L64: =IFERROR(__xludf.DUMMYFUNCTION("""COMPUTED_VALUE"""),"Evan Engram – DEN") -> Evan Engram – DEN | M64: =IFERROR(VLOOKUP(L64,PlayerDB!$F$2:$G209,2,FALSE),"") -> 83.4 | P64: =IFERROR(__xludf.DUMMYFUNCTION("""COMPUTED_VALUE"""),"Jason Sanders – MIA") -> Jason Sanders – MIA | Q64: =IFERROR(VLOOKUP(P64,PlayerDB!$F$2:$G209,2,FALSE),"") -> 125
B65: 64 | C65: ='Teams & Draft Order'!$C$6 -> Sleeper Cell | E65: =IFERROR(VLOOKUP($D65,PlayerDB!$F$2:$G209,2,FALSE),"") | F65: =IFERROR(VLOOKUP($D65,PlayerDB!$F$2:$H209,3,FALSE),"") | G65: =IFERROR(VLOOKUP($D65,PlayerDB!$F$2:$I209,4,FALSE),"") | I65: =IFERROR(__xludf.DUMMYFUNCTION("JOIN("" | "",'Team Stats'!C$2:H$2)"),"1 | 0 | 0 | 0 | 0 | 0") -> 1 | 0 | 0 | 0 | 0 | 0 | J65: =IFERROR(__xludf.DUMMYFUNCTION("JOIN("" | "",#REF!)"),"#REF!") -> #REF! | L65: =IFERROR(__xludf.DUMMYFUNCTION("""COMPUTED_VALUE"""),"Kyle Pitts – ATL") -> Kyle Pitts – ATL | M65: =IFERROR(VLOOKUP(L65,PlayerDB!$F$2:$G209,2,FALSE),"") -> 83.2 | P65: =IFERROR(__xludf.DUMMYFUNCTION("""COMPUTED_VALUE"""),"Jake Moody – SF") -> Jake Moody – SF | Q65: =IFERROR(VLOOKUP(P65,PlayerDB!$F$2:$G209,2,FALSE),"") -> 125
A66: Round 09 | B66: 65 | C66: ='Teams & Draft Order'!$C$6 -> Sleeper Cell | E66: =IFERROR(VLOOKUP($D66,PlayerDB!$F$2:$G209,2,FALSE),"") | F66: =IFERROR(VLOOKUP($D66,PlayerDB!$F$2:$H209,3,FALSE),"") | G66: =IFERROR(VLOOKUP($D66,PlayerDB!$F$2:$I209,4,FALSE),"") | I66: =IFERROR(__xludf.DUMMYFUNCTION("JOIN("" | "",'Team Stats'!C$2:H$2)"),"1 | 0 | 0 | 0 | 0 | 0") -> 1 | 0 | 0 | 0 | 0 | 0 | J66: =IFERROR(__xludf.DUMMYFUNCTION("JOIN("" | "",'Team Stats'!I$9:K$9)"),"0 | 0 | 0") -> 0 | 0 | 0 | L66: =IFERROR(__xludf.DUMMYFUNCTION("""COMPUTED_VALUE"""),"Jake Ferguson – DAL") -> Jake Ferguson – DAL | M66: =IFERROR(VLOOKUP(L66,PlayerDB!$F$2:$G209,2,FALSE),"") -> 82.5 | P66: =IFERROR(__xludf.DUMMYFUNCTION("""COMPUTED_VALUE"""),"Brandon McManus – GB") -> Brandon McManus – GB | Q66: =IFERROR(VLOOKUP(P66,PlayerDB!$F$2:$G209,2,FALSE),"") -> 123
B67: 66 | C67: ='Teams & Draft Order'!$C$7 -> Phantasm | E67: =IFERROR(VLOOKUP($D67,PlayerDB!$F$2:$G209,2,FALSE),"") | F67: =IFERROR(VLOOKUP($D67,PlayerDB!$F$2:$H209,3,FALSE),"") | G67: =IFERROR(VLOOKUP($D67,PlayerDB!$F$2:$I209,4,FALSE),"") | I67: =IFERROR(__xludf.DUMMYFUNCTION("JOIN("" | "",'Team Stats'!C$3:H$3)"),"0 | 0 | 0 | 0 | 0 | 0") -> 0 | 0 | 0 | 0 | 0 | 0 | J67: =IFERROR(__xludf.DUMMYFUNCTION("JOIN("" | "",'Team Stats'!I$8:K$8)"),"0 | 0 | 0") -> 0 | 0 | 0 | L67: =IFERROR(__xludf.DUMMYFUNCTION("""COMPUTED_VALUE"""),"Hunter Henry – NE") -> Hunter Henry – NE | M67: =IFERROR(VLOOKUP(L67,PlayerDB!$F$2:$G209,2,FALSE),"") -> 78.5 | P67: =IFERROR(__xludf.DUMMYFUNCTION("""COMPUTED_VALUE"""),"Younghoe Koo – ATL") -> Younghoe Koo – ATL | Q67: =IFERROR(VLOOKUP(P67,PlayerDB!$F$2:$G209,2,FALSE),"") -> 122
B68: 67 | C68: ='Teams & Draft Order'!$C$8 -> Icelanders | E68: =IFERROR(VLOOKUP($D68,PlayerDB!$F$2:$G209,2,FALSE),"") | F68: =IFERROR(VLOOKUP($D68,PlayerDB!$F$2:$H209,3,FALSE),"") | G68: =IFERROR(VLOOKUP($D68,PlayerDB!$F$2:$I209,4,FALSE),"") | I68: =IFERROR(__xludf.DUMMYFUNCTION("JOIN("" | "",'Team Stats'!C$4:H$4)"),"0 | 0 | 0 | 0 | 0 | 0") -> 0 | 0 | 0 | 0 | 0 | 0 | J68: =IFERROR(__xludf.DUMMYFUNCTION("JOIN("" | "",'Team Stats'!I$7:K$7)"),"0 | 0 | 0") -> 0 | 0 | 0 | L68: =IFERROR(__xludf.DUMMYFUNCTION("""COMPUTED_VALUE"""),"Darren Waller – MIA") -> Darren Waller – MIA | M68: =IFERROR(VLOOKUP(L68,PlayerDB!$F$2:$G209,2,FALSE),"") -> 77.9 | P68: =IFERROR(__xludf.DUMMYFUNCTION("""COMPUTED_VALUE"""),"Harrison Butker – KC") -> Harrison Butker – KC | Q68: =IFERROR(VLOOKUP(P68,PlayerDB!$F$2:$G209,2,FALSE),"") -> 122
B69: 68 | C69: ='Teams & Draft Order'!$C$9 -> El Nino | E69: =IFERROR(VLOOKUP($D69,PlayerDB!$F$2:$G209,2,FALSE),"") | F69: =IFERROR(VLOOKUP($D69,PlayerDB!$F$2:$H209,3,FALSE),"") | G69: =IFERROR(VLOOKUP($D69,PlayerDB!$F$2:$I209,4,FALSE),"") | I69: =IFERROR(__xludf.DUMMYFUNCTION("JOIN("" | "",'Team Stats'!C$5:H$5)"),"0 | 0 | 0 | 0 | 0 | 0") -> 0 | 0 | 0 | 0 | 0 | 0 | J69: =IFERROR(__xludf.DUMMYFUNCTION("JOIN("" | "",'Team Stats'!I$6:K$6)"),"0 | 0 | 0") -> 0 | 0 | 0 | L69: =IFERROR(__xludf.DUMMYFUNCTION("""COMPUTED_VALUE"""),"Isaiah Likely – BAL") -> Isaiah Likely – BAL | M69: =IFERROR(VLOOKUP(L69,PlayerDB!$F$2:$G209,2,FALSE),"") -> 77 | P69: =IFERROR(__xludf.DUMMYFUNCTION("""COMPUTED_VALUE"""),"Jason Myers – SEA") -> Jason Myers – SEA | Q69: =IFERROR(VLOOKUP(P69,PlayerDB!$F$2:$G209,2,FALSE),"") -> 121
B70: 69 | C70: ='Teams & Draft Order'!$C$10 -> Buttheads | E70: =IFERROR(VLOOKUP($D70,PlayerDB!$F$2:$G209,2,FALSE),"") | F70: =IFERROR(VLOOKUP($D70,PlayerDB!$F$2:$H209,3,FALSE),"") | G70: =IFERROR(VLOOKUP($D70,PlayerDB!$F$2:$I209,4,FALSE),"") | I70: =IFERROR(__xludf.DUMMYFUNCTION("JOIN("" | "",'Team Stats'!C$6:H$6)"),"0 | 0 | 0 | 0 | 0 | 0") -> 0 | 0 | 0 | 0 | 0 | 0 | J70: =IFERROR(__xludf.DUMMYFUNCTION("JOIN("" | "",'Team Stats'!I$5:K$5)"),"0 | 0 | 0") -> 0 | 0 | 0 | L70: =IFERROR(__xludf.DUMMYFUNCTION("""COMPUTED_VALUE"""),"Colston Loveland – CHI") -> Colston Loveland – CHI | M70: =IFERROR(VLOOKUP(L70,PlayerDB!$F$2:$G209,2,FALSE),"") -> 76.5 | P70: =IFERROR(__xludf.DUMMYFUNCTION("""COMPUTED_VALUE"""),"Joshua Karty – LAR") -> Joshua Karty – LAR | Q70: =IFERROR(VLOOKUP(P70,PlayerDB!$F$2:$G209,2,FALSE),"") -> 120
B71: 70 | C71: ='Teams & Draft Order'!$C$11 -> Big Boys Big Work | E71: =IFERROR(VLOOKUP($D71,PlayerDB!$F$2:$G209,2,FALSE),"") | F71: =IFERROR(VLOOKUP($D71,PlayerDB!$F$2:$H209,3,FALSE),"") | G71: =IFERROR(VLOOKUP($D71,PlayerDB!$F$2:$I209,4,FALSE),"") | I71: =IFERROR(__xludf.DUMMYFUNCTION("JOIN("" | "",'Team Stats'!C$7:H$7)"),"0 | 0 | 0 | 0 | 0 | 0") -> 0 | 0 | 0 | 0 | 0 | 0 | J71: =IFERROR(__xludf.DUMMYFUNCTION("JOIN("" | "",'Team Stats'!I$4:K$4)"),"0 | 0 | 0") -> 0 | 0 | 0
B72: 71 | C72: ='Teams & Draft Order'!$C$12 -> Turbo-Ginz | E72: =IFERROR(VLOOKUP($D72,PlayerDB!$F$2:$G209,2,FALSE),"") | F72: =IFERROR(VLOOKUP($D72,PlayerDB!$F$2:$H209,3,FALSE),"") | G72: =IFERROR(VLOOKUP($D72,PlayerDB!$F$2:$I209,4,FALSE),"") | I72: =IFERROR(__xludf.DUMMYFUNCTION("JOIN("" | "",'Team Stats'!C$8:H$8)"),"0 | 0 | 0 | 0 | 0 | 0") -> 0 | 0 | 0 | 0 | 0 | 0 | J72: =IFERROR(__xludf.DUMMYFUNCTION("JOIN("" | "",'Team Stats'!I$3:K$3)"),"0 | 0 | 0") -> 0 | 0 | 0
B73: 72 | C73: ='Teams & Draft Order'!$C$13 -> Luddite | E73: =IFERROR(VLOOKUP($D73,PlayerDB!$F$2:$G209,2,FALSE),"") | F73: =IFERROR(VLOOKUP($D73,PlayerDB!$F$2:$H209,3,FALSE),"") | G73: =IFERROR(VLOOKUP($D73,PlayerDB!$F$2:$I209,4,FALSE),"") | I73: =IFERROR(__xludf.DUMMYFUNCTION("JOIN("" | "",'Team Stats'!C$9:H$9)"),"0 | 0 | 0 | 0 | 0 | 0") -> 0 | 0 | 0 | 0 | 0 | 0 | J73: =IFERROR(__xludf.DUMMYFUNCTION("JOIN("" | "",'Team Stats'!I$2:K$2)"),"0 | 0 | 0") -> 0 | 0 | 0
A74: Round 10 | B74: 73 | C74: ='Teams & Draft Order'!$C$13 -> Luddite | E74: =IFERROR(VLOOKUP($D74,PlayerDB!$F$2:$G209,2,FALSE),"") | F74: =IFERROR(VLOOKUP($D74,PlayerDB!$F$2:$H209,3,FALSE),"") | G74: =IFERROR(VLOOKUP($D74,PlayerDB!$F$2:$I209,4,FALSE),"") | I74: =IFERROR(__xludf.DUMMYFUNCTION("JOIN("" | "",'Team Stats'!C$9:H$9)"),"0 | 0 | 0 | 0 | 0 | 0") -> 0 | 0 | 0 | 0 | 0 | 0 | J74: =IFERROR(__xludf.DUMMYFUNCTION("JOIN("" | "",'Team Stats'!I$2:K$2)"),"0 | 0 | 0") -> 0 | 0 | 0 | L74: D/ST | M74: =COUNTIF(F:F,"D/ST") -> 0
B75: 74 | C75: ='Teams & Draft Order'!$C$12 -> Turbo-Ginz | E75: =IFERROR(VLOOKUP($D75,PlayerDB!$F$2:$G209,2,FALSE),"") | F75: =IFERROR(VLOOKUP($D75,PlayerDB!$F$2:$H209,3,FALSE),"") | G75: =IFERROR(VLOOKUP($D75,PlayerDB!$F$2:$I209,4,FALSE),"") | I75: =IFERROR(__xludf.DUMMYFUNCTION("JOIN("" | "",'Team Stats'!C$8:H$8)"),"0 | 0 | 0 | 0 | 0 | 0") -> 0 | 0 | 0 | 0 | 0 | 0 | J75: =IFERROR(__xludf.DUMMYFUNCTION("JOIN("" | "",'Team Stats'!I$3:K$3)"),"0 | 0 | 0") -> 0 | 0 | 0 | L75: =IFERROR(__xludf.DUMMYFUNCTION("QUERY(HELP_PlayersLeft!A2:B209, ""select A where B ='D/ST' LIMIT 20"")"),"Denver Broncos – DEN") -> Denver Broncos – DEN | M75: =IFERROR(VLOOKUP(L75,PlayerDB!$F$2:$G209,2,FALSE),"") -> 142
B76: 75 | C76: ='Teams & Draft Order'!$C$11 -> Big Boys Big Work | E76: =IFERROR(VLOOKUP($D76,PlayerDB!$F$2:$G209,2,FALSE),"") | F76: =IFERROR(VLOOKUP($D76,PlayerDB!$F$2:$H209,3,FALSE),"") | G76: =IFERROR(VLOOKUP($D76,PlayerDB!$F$2:$I209,4,FALSE),"") | I76: =IFERROR(__xludf.DUMMYFUNCTION("JOIN("" | "",'Team Stats'!C$7:H$7)"),"0 | 0 | 0 | 0 | 0 | 0") -> 0 | 0 | 0 | 0 | 0 | 0 | J76: =IFERROR(__xludf.DUMMYFUNCTION("JOIN("" | "",'Team Stats'!I$4:K$4)"),"0 | 0 | 0") -> 0 | 0 | 0 | L76: =IFERROR(__xludf.DUMMYFUNCTION("""COMPUTED_VALUE"""),"Philadelphia Eagles – PHI") -> Philadelphia Eagles – PHI | M76: =IFERROR(VLOOKUP(L76,PlayerDB!$F$2:$G209,2,FALSE),"") -> 139
B77: 76 | C77: ='Teams & Draft Order'!$C$10 -> Buttheads | E77: =IFERROR(VLOOKUP($D77,PlayerDB!$F$2:$G209,2,FALSE),"") | F77: =IFERROR(VLOOKUP($D77,PlayerDB!$F$2:$H209,3,FALSE),"") | G77: =IFERROR(VLOOKUP($D77,PlayerDB!$F$2:$I209,4,FALSE),"") | I77: =IFERROR(__xludf.DUMMYFUNCTION("JOIN("" | "",'Team Stats'!C$6:H$6)"),"0 | 0 | 0 | 0 | 0 | 0") -> 0 | 0 | 0 | 0 | 0 | 0 | J77: =IFERROR(__xludf.DUMMYFUNCTION("JOIN("" | "",'Team Stats'!I$5:K$5)"),"0 | 0 | 0") -> 0 | 0 | 0 | L77: =IFERROR(__xludf.DUMMYFUNCTION("""COMPUTED_VALUE"""),"Pittsburgh Steelers – PIT") -> Pittsburgh Steelers – PIT | M77: =IFERROR(VLOOKUP(L77,PlayerDB!$F$2:$G209,2,FALSE),"") -> 137
B78: 77 | C78: ='Teams & Draft Order'!$C$9 -> El Nino | E78: =IFERROR(VLOOKUP($D78,PlayerDB!$F$2:$G209,2,FALSE),"") | F78: =IFERROR(VLOOKUP($D78,PlayerDB!$F$2:$H209,3,FALSE),"") | G78: =IFERROR(VLOOKUP($D78,PlayerDB!$F$2:$I209,4,FALSE),"") | I78: =IFERROR(__xludf.DUMMYFUNCTION("JOIN("" | "",'Team Stats'!C$5:H$5)"),"0 | 0 | 0 | 0 | 0 | 0") -> 0 | 0 | 0 | 0 | 0 | 0 | J78: =IFERROR(__xludf.DUMMYFUNCTION("JOIN("" | "",'Team Stats'!I$6:K$6)"),"0 | 0 | 0") -> 0 | 0 | 0 | L78: =IFERROR(__xludf.DUMMYFUNCTION("""COMPUTED_VALUE"""),"Baltimore Ravens – BAL") -> Baltimore Ravens – BAL | M78: =IFERROR(VLOOKUP(L78,PlayerDB!$F$2:$G209,2,FALSE),"") -> 135
B79: 78 | C79: ='Teams & Draft Order'!$C$8 -> Icelanders | E79: =IFERROR(VLOOKUP($D79,PlayerDB!$F$2:$G209,2,FALSE),"") | F79: =IFERROR(VLOOKUP($D79,PlayerDB!$F$2:$H209,3,FALSE),"") | G79: =IFERROR(VLOOKUP($D79,PlayerDB!$F$2:$I209,4,FALSE),"") | I79: =IFERROR(__xludf.DUMMYFUNCTION("JOIN("" | "",'Team Stats'!C$4:H$4)"),"0 | 0 | 0 | 0 | 0 | 0") -> 0 | 0 | 0 | 0 | 0 | 0 | J79: =IFERROR(__xludf.DUMMYFUNCTION("JOIN("" | "",'Team Stats'!I$7:K$7)"),"0 | 0 | 0") -> 0 | 0 | 0 | L79: =IFERROR(__xludf.DUMMYFUNCTION("""COMPUTED_VALUE"""),"Minnesota Vikings – MIN") -> Minnesota Vikings – MIN | M79: =IFERROR(VLOOKUP(L79,PlayerDB!$F$2:$G209,2,FALSE),"") -> 132
B80: 79 | C80: ='Teams & Draft Order'!$C$7 -> Phantasm | E80: =IFERROR(VLOOKUP($D80,PlayerDB!$F$2:$G209,2,FALSE),"") | F80: =IFERROR(VLOOKUP($D80,PlayerDB!$F$2:$H209,3,FALSE),"") | G80: =IFERROR(VLOOKUP($D80,PlayerDB!$F$2:$I209,4,FALSE),"") | I80: =IFERROR(__xludf.DUMMYFUNCTION("JOIN("" | "",'Team Stats'!C$3:H$3)"),"0 | 0 | 0 | 0 | 0 | 0") -> 0 | 0 | 0 | 0 | 0 | 0 | J80: =IFERROR(__xludf.DUMMYFUNCTION("JOIN("" | "",'Team Stats'!I$8:K$8)"),"0 | 0 | 0") -> 0 | 0 | 0 | L80: =IFERROR(__xludf.DUMMYFUNCTION("""COMPUTED_VALUE"""),"Kansas City Chiefs – KC") -> Kansas City Chiefs – KC | M80: =IFERROR(VLOOKUP(L80,PlayerDB!$F$2:$G209,2,FALSE),"") -> 130
B81: 80 | C81: ='Teams & Draft Order'!$C$6 -> Sleeper Cell | E81: =IFERROR(VLOOKUP($D81,PlayerDB!$F$2:$G209,2,FALSE),"") | F81: =IFERROR(VLOOKUP($D81,PlayerDB!$F$2:$H209,3,FALSE),"") | G81: =IFERROR(VLOOKUP($D81,PlayerDB!$F$2:$I209,4,FALSE),"") | I81: =IFERROR(__xludf.DUMMYFUNCTION("JOIN("" | "",'Team Stats'!C$2:H$2)"),"1 | 0 | 0 | 0 | 0 | 0") -> 1 | 0 | 0 | 0 | 0 | 0 | J81: =IFERROR(__xludf.DUMMYFUNCTION("JOIN("" | "",'Team Stats'!I$9:K$9)"),"0 | 0 | 0") -> 0 | 0 | 0 | L81: =IFERROR(__xludf.DUMMYFUNCTION("""COMPUTED_VALUE"""),"Detroit Lions – DET") -> Detroit Lions – DET | M81: =IFERROR(VLOOKUP(L81,PlayerDB!$F$2:$G209,2,FALSE),"") -> 129
A82: Round 11 | B82: 81 | C82: ='Teams & Draft Order'!$C$6 -> Sleeper Cell | E82: =IFERROR(VLOOKUP($D82,PlayerDB!$F$2:$G209,2,FALSE),"") | F82: =IFERROR(VLOOKUP($D82,PlayerDB!$F$2:$H209,3,FALSE),"") | G82: =IFERROR(VLOOKUP($D82,PlayerDB!$F$2:$I209,4,FALSE),"") | I82: =IFERROR(__xludf.DUMMYFUNCTION("JOIN("" | "",'Team Stats'!C$2:H$2)"),"1 | 0 | 0 | 0 | 0 | 0") -> 1 | 0 | 0 | 0 | 0 | 0 | J82: =IFERROR(__xludf.DUMMYFUNCTION("JOIN("" | "",#REF!)"),"#REF!") -> #REF! | L82: =IFERROR(__xludf.DUMMYFUNCTION("""COMPUTED_VALUE"""),"New York Jets – NYJ") -> New York Jets – NYJ | M82: =IFERROR(VLOOKUP(L82,PlayerDB!$F$2:$G209,2,FALSE),"") -> 128
B83: 82 | C83: ='Teams & Draft Order'!$C$7 -> Phantasm | E83: =IFERROR(VLOOKUP($D83,PlayerDB!$F$2:$G209,2,FALSE),"") | F83: =IFERROR(VLOOKUP($D83,PlayerDB!$F$2:$H209,3,FALSE),"") | G83: =IFERROR(VLOOKUP($D83,PlayerDB!$F$2:$I209,4,FALSE),"") | I83: =IFERROR(__xludf.DUMMYFUNCTION("JOIN("" | "",'Team Stats'!C$3:H$3)"),"0 | 0 | 0 | 0 | 0 | 0") -> 0 | 0 | 0 | 0 | 0 | 0 | J83: =IFERROR(__xludf.DUMMYFUNCTION("JOIN("" | "",#REF!)"),"#REF!") -> #REF! | L83: =IFERROR(__xludf.DUMMYFUNCTION("""COMPUTED_VALUE"""),"Houston Texans – HOU") -> Houston Texans – HOU | M83: =IFERROR(VLOOKUP(L83,PlayerDB!$F$2:$G209,2,FALSE),"") -> 127
B84: 83 | C84: ='Teams & Draft Order'!$C$8 -> Icelanders | E84: =IFERROR(VLOOKUP($D84,PlayerDB!$F$2:$G209,2,FALSE),"") | F84: =IFERROR(VLOOKUP($D84,PlayerDB!$F$2:$H209,3,FALSE),"") | G84: =IFERROR(VLOOKUP($D84,PlayerDB!$F$2:$I209,4,FALSE),"") | I84: =IFERROR(__xludf.DUMMYFUNCTION("JOIN("" | "",'Team Stats'!C$4:H$4)"),"0 | 0 | 0 | 0 | 0 | 0") -> 0 | 0 | 0 | 0 | 0 | 0 | J84: =IFERROR(__xludf.DUMMYFUNCTION("JOIN("" | "",#REF!)"),"#REF!") -> #REF! | L84: =IFERROR(__xludf.DUMMYFUNCTION("""COMPUTED_VALUE"""),"Los Angeles Chargers – LAC") -> Los Angeles Chargers – LAC | M84: =IFERROR(VLOOKUP(L84,PlayerDB!$F$2:$G209,2,FALSE),"") -> 126
B85: 84 | C85: ='Teams & Draft Order'!$C$9 -> El Nino | E85: =IFERROR(VLOOKUP($D85,PlayerDB!$F$2:$G209,2,FALSE),"") | F85: =IFERROR(VLOOKUP($D85,PlayerDB!$F$2:$H209,3,FALSE),"") | G85: =IFERROR(VLOOKUP($D85,PlayerDB!$F$2:$I209,4,FALSE),"") | I85: =IFERROR(__xludf.DUMMYFUNCTION("JOIN("" | "",'Team Stats'!C$5:H$5)"),"0 | 0 | 0 | 0 | 0 | 0") -> 0 | 0 | 0 | 0 | 0 | 0 | J85: =IFERROR(__xludf.DUMMYFUNCTION("JOIN("" | "",#REF!)"),"#REF!") -> #REF! | L85: =IFERROR(__xludf.DUMMYFUNCTION("""COMPUTED_VALUE"""),"Buffalo Bills – BUF") -> Buffalo Bills – BUF | M85: =IFERROR(VLOOKUP(L85,PlayerDB!$F$2:$G209,2,FALSE),"") -> 125
B86: 85 | C86: ='Teams & Draft Order'!$C$10 -> Buttheads | E86: =IFERROR(VLOOKUP($D86,PlayerDB!$F$2:$G209,2,FALSE),"") | F86: =IFERROR(VLOOKUP($D86,PlayerDB!$F$2:$H209,3,FALSE),"") | G86: =IFERROR(VLOOKUP($D86,PlayerDB!$F$2:$I209,4,FALSE),"") | I86: =IFERROR(__xludf.DUMMYFUNCTION("JOIN("" | "",'Team Stats'!C$6:H$6)"),"0 | 0 | 0 | 0 | 0 | 0") -> 0 | 0 | 0 | 0 | 0 | 0 | J86: =IFERROR(__xludf.DUMMYFUNCTION("JOIN("" | "",#REF!)"),"#REF!") -> #REF! | L86: =IFERROR(__xludf.DUMMYFUNCTION("""COMPUTED_VALUE"""),"Seattle Seahawks – SEA") -> Seattle Seahawks – SEA | M86: =IFERROR(VLOOKUP(L86,PlayerDB!$F$2:$G209,2,FALSE),"") -> 124
B87: 86 | C87: ='Teams & Draft Order'!$C$11 -> Big Boys Big Work | E87: =IFERROR(VLOOKUP($D87,PlayerDB!$F$2:$G209,2,FALSE),"") | F87: =IFERROR(VLOOKUP($D87,PlayerDB!$F$2:$H209,3,FALSE),"") | G87: =IFERROR(VLOOKUP($D87,PlayerDB!$F$2:$I209,4,FALSE),"") | I87: =IFERROR(__xludf.DUMMYFUNCTION("JOIN("" | "",'Team Stats'!C$7:H$7)"),"0 | 0 | 0 | 0 | 0 | 0") -> 0 | 0 | 0 | 0 | 0 | 0 | J87: =IFERROR(__xludf.DUMMYFUNCTION("JOIN("" | "",#REF!)"),"#REF!") -> #REF! | L87: =IFERROR(__xludf.DUMMYFUNCTION("""COMPUTED_VALUE"""),"Los Angeles Rams – LAR") -> Los Angeles Rams – LAR | M87: =IFERROR(VLOOKUP(L87,PlayerDB!$F$2:$G209,2,FALSE),"") -> 122
B88: 87 | C88: ='Teams & Draft Order'!$C$12 -> Turbo-Ginz | E88: =IFERROR(VLOOKUP($D88,PlayerDB!$F$2:$G209,2,FALSE),"") | F88: =IFERROR(VLOOKUP($D88,PlayerDB!$F$2:$H209,3,FALSE),"") | G88: =IFERROR(VLOOKUP($D88,PlayerDB!$F$2:$I209,4,FALSE),"") | I88: =IFERROR(__xludf.DUMMYFUNCTION("JOIN("" | "",'Team Stats'!C$8:H$8)"),"0 | 0 | 0 | 0 | 0 | 0") -> 0 | 0 | 0 | 0 | 0 | 0 | J88: =IFERROR(__xludf.DUMMYFUNCTION("JOIN("" | "",#REF!)"),"#REF!") -> #REF! | L88: =IFERROR(__xludf.DUMMYFUNCTION("""COMPUTED_VALUE"""),"Green Bay Packers – GB") -> Green Bay Packers – GB | M88: =IFERROR(VLOOKUP(L88,PlayerDB!$F$2:$G209,2,FALSE),"") -> 121
B89: 88 | C89: ='Teams & Draft Order'!$C$13 -> Luddite | E89: =IFERROR(VLOOKUP($D89,PlayerDB!$F$2:$G209,2,FALSE),"") | F89: =IFERROR(VLOOKUP($D89,PlayerDB!$F$2:$H209,3,FALSE),"") | G89: =IFERROR(VLOOKUP($D89,PlayerDB!$F$2:$I209,4,FALSE),"") | I89: =IFERROR(__xludf.DUMMYFUNCTION("JOIN("" | "",'Team Stats'!C$9:H$9)"),"0 | 0 | 0 | 0 | 0 | 0") -> 0 | 0 | 0 | 0 | 0 | 0 | J89: =IFERROR(__xludf.DUMMYFUNCTION("JOIN("" | "",#REF!)"),"#REF!") -> #REF! | L89: =IFERROR(__xludf.DUMMYFUNCTION("""COMPUTED_VALUE"""),"Dallas Cowboys – DAL") -> Dallas Cowboys – DAL | M89: =IFERROR(VLOOKUP(L89,PlayerDB!$F$2:$G209,2,FALSE),"") -> 120
A90: Round 12 | B90: 89 | C90: ='Teams & Draft Order'!$C$13 -> Luddite | E90: =IFERROR(VLOOKUP($D90,PlayerDB!$F$2:$G209,2,FALSE),"") | F90: =IFERROR(VLOOKUP($D90,PlayerDB!$F$2:$H209,3,FALSE),"") | G90: =IFERROR(VLOOKUP($D90,PlayerDB!$F$2:$I209,4,FALSE),"") | I90: =IFERROR(__xludf.DUMMYFUNCTION("JOIN("" | "",'Team Stats'!C$9:H$9)"),"0 | 0 | 0 | 0 | 0 | 0") -> 0 | 0 | 0 | 0 | 0 | 0 | J90: =IFERROR(__xludf.DUMMYFUNCTION("JOIN("" | "",'Team Stats'!I$9:K$9)"),"0 | 0 | 0") -> 0 | 0 | 0 | L90: =IFERROR(__xludf.DUMMYFUNCTION("""COMPUTED_VALUE"""),"New York Giants – NYG") -> New York Giants – NYG | M90: =IFERROR(VLOOKUP(L90,PlayerDB!$F$2:$G209,2,FALSE),"") -> 118
B91: 90 | C91: ='Teams & Draft Order'!$C$12 -> Turbo-Ginz | E91: =IFERROR(VLOOKUP($D91,PlayerDB!$F$2:$G209,2,FALSE),"") | F91: =IFERROR(VLOOKUP($D91,PlayerDB!$F$2:$H209,3,FALSE),"") | G91: =IFERROR(VLOOKUP($D91,PlayerDB!$F$2:$I209,4,FALSE),"") | I91: =IFERROR(__xludf.DUMMYFUNCTION("JOIN("" | "",'Team Stats'!C$8:H$8)"),"0 | 0 | 0 | 0 | 0 | 0") -> 0 | 0 | 0 | 0 | 0 | 0 | J91: =IFERROR(__xludf.DUMMYFUNCTION("JOIN("" | "",'Team Stats'!I$8:K$8)"),"0 | 0 | 0") -> 0 | 0 | 0 | L91: =IFERROR(__xludf.DUMMYFUNCTION("""COMPUTED_VALUE"""),"Cleveland Browns – CLE") -> Cleveland Browns – CLE | M91: =IFERROR(VLOOKUP(L91,PlayerDB!$F$2:$G209,2,FALSE),"") -> 117
B92: 91 | C92: ='Teams & Draft Order'!$C$11 -> Big Boys Big Work | E92: =IFERROR(VLOOKUP($D92,PlayerDB!$F$2:$G209,2,FALSE),"") | F92: =IFERROR(VLOOKUP($D92,PlayerDB!$F$2:$H209,3,FALSE),"") | G92: =IFERROR(VLOOKUP($D92,PlayerDB!$F$2:$I209,4,FALSE),"") | I92: =IFERROR(__xludf.DUMMYFUNCTION("JOIN("" | "",'Team Stats'!C$7:H$7)"),"0 | 0 | 0 | 0 | 0 | 0") -> 0 | 0 | 0 | 0 | 0 | 0 | J92: =IFERROR(__xludf.DUMMYFUNCTION("JOIN("" | "",'Team Stats'!I$7:K$7)"),"0 | 0 | 0") -> 0 | 0 | 0 | L92: =IFERROR(__xludf.DUMMYFUNCTION("""COMPUTED_VALUE"""),"San Francisco 49ers – SF") -> San Francisco 49ers – SF | M92: =IFERROR(VLOOKUP(L92,PlayerDB!$F$2:$G209,2,FALSE),"") -> 116
B93: 92 | C93: ='Teams & Draft Order'!$C$10 -> Buttheads | E93: =IFERROR(VLOOKUP($D93,PlayerDB!$F$2:$G209,2,FALSE),"") | F93: =IFERROR(VLOOKUP($D93,PlayerDB!$F$2:$H209,3,FALSE),"") | G93: =IFERROR(VLOOKUP($D93,PlayerDB!$F$2:$I209,4,FALSE),"") | I93: =IFERROR(__xludf.DUMMYFUNCTION("JOIN("" | "",'Team Stats'!C$6:H$6)"),"0 | 0 | 0 | 0 | 0 | 0") -> 0 | 0 | 0 | 0 | 0 | 0 | J93: =IFERROR(__xludf.DUMMYFUNCTION("JOIN("" | "",'Team Stats'!I$6:K$6)"),"0 | 0 | 0") -> 0 | 0 | 0 | L93: =IFERROR(__xludf.DUMMYFUNCTION("""COMPUTED_VALUE"""),"Tampa Bay Buccaneers – TB") -> Tampa Bay Buccaneers – TB | M93: =IFERROR(VLOOKUP(L93,PlayerDB!$F$2:$G209,2,FALSE),"") -> 115
B94: 93 | C94: ='Teams & Draft Order'!$C$9 -> El Nino | E94: =IFERROR(VLOOKUP($D94,PlayerDB!$F$2:$G209,2,FALSE),"") | F94: =IFERROR(VLOOKUP($D94,PlayerDB!$F$2:$H209,3,FALSE),"") | G94: =IFERROR(VLOOKUP($D94,PlayerDB!$F$2:$I209,4,FALSE),"") | I94: =IFERROR(__xludf.DUMMYFUNCTION("JOIN("" | "",'Team Stats'!C$5:H$5)"),"0 | 0 | 0 | 0 | 0 | 0") -> 0 | 0 | 0 | 0 | 0 | 0 | J94: =IFERROR(__xludf.DUMMYFUNCTION("JOIN("" | "",'Team Stats'!I$5:K$5)"),"0 | 0 | 0") -> 0 | 0 | 0 | L94: =IFERROR(__xludf.DUMMYFUNCTION("""COMPUTED_VALUE"""),"Miami Dolphins – MIA") -> Miami Dolphins – MIA | M94: =IFERROR(VLOOKUP(L94,PlayerDB!$F$2:$G209,2,FALSE),"") -> 114
B95: 94 | C95: ='Teams & Draft Order'!$C$8 -> Icelanders | E95: =IFERROR(VLOOKUP($D95,PlayerDB!$F$2:$G209,2,FALSE),"") | F95: =IFERROR(VLOOKUP($D95,PlayerDB!$F$2:$H209,3,FALSE),"") | G95: =IFERROR(VLOOKUP($D95,PlayerDB!$F$2:$I209,4,FALSE),"") | I95: =IFERROR(__xludf.DUMMYFUNCTION("JOIN("" | "",'Team Stats'!C$4:H$4)"),"0 | 0 | 0 | 0 | 0 | 0") -> 0 | 0 | 0 | 0 | 0 | 0 | J95: =IFERROR(__xludf.DUMMYFUNCTION("JOIN("" | "",'Team Stats'!I$4:K$4)"),"0 | 0 | 0") -> 0 | 0 | 0
B96: 95 | C96: ='Teams & Draft Order'!$C$7 -> Phantasm | E96: =IFERROR(VLOOKUP($D96,PlayerDB!$F$2:$G209,2,FALSE),"") | F96: =IFERROR(VLOOKUP($D96,PlayerDB!$F$2:$H209,3,FALSE),"") | G96: =IFERROR(VLOOKUP($D96,PlayerDB!$F$2:$I209,4,FALSE),"") | I96: =IFERROR(__xludf.DUMMYFUNCTION("JOIN("" | "",'Team Stats'!C$3:H$3)"),"0 | 0 | 0 | 0 | 0 | 0") -> 0 | 0 | 0 | 0 | 0 | 0 | J96: =IFERROR(__xludf.DUMMYFUNCTION("JOIN("" | "",'Team Stats'!I$3:K$3)"),"0 | 0 | 0") -> 0 | 0 | 0
B97: 96 | C97: ='Teams & Draft Order'!$C$6 -> Sleeper Cell | E97: =IFERROR(VLOOKUP($D97,PlayerDB!$F$2:$G209,2,FALSE),"") | F97: =IFERROR(VLOOKUP($D97,PlayerDB!$F$2:$H209,3,FALSE),"") | G97: =IFERROR(VLOOKUP($D97,PlayerDB!$F$2:$I209,4,FALSE),"") | I97: =IFERROR(__xludf.DUMMYFUNCTION("JOIN("" | "",'Team Stats'!C$2:H$2)"),"1 | 0 | 0 | 0 | 0 | 0") -> 1 | 0 | 0 | 0 | 0 | 0 | J97: =IFERROR(__xludf.DUMMYFUNCTION("JOIN("" | "",'Team Stats'!I$2:K$2)"),"0 | 0 | 0") -> 0 | 0 | 0
A98: Round 13 | B98: 97 | C98: ='Teams & Draft Order'!$C$6 -> Sleeper Cell | E98: =IFERROR(VLOOKUP($D98,PlayerDB!$F$2:$G209,2,FALSE),"") | F98: =IFERROR(VLOOKUP($D98,PlayerDB!$F$2:$H209,3,FALSE),"") | G98: =IFERROR(VLOOKUP($D98,PlayerDB!$F$2:$I209,4,FALSE),"") | I98: =IFERROR(__xludf.DUMMYFUNCTION("JOIN("" | "",'Team Stats'!C$2:H$2)"),"1 | 0 | 0 | 0 | 0 | 0") -> 1 | 0 | 0 | 0 | 0 | 0 | J98: =IFERROR(__xludf.DUMMYFUNCTION("JOIN("" | "",'Team Stats'!I$2:K$2)"),"0 | 0 | 0") -> 0 | 0 | 0
B99: 98 | C99: ='Teams & Draft Order'!$C$7 -> Phantasm | E99: =IFERROR(VLOOKUP($D99,PlayerDB!$F$2:$G209,2,FALSE),"") | F99: =IFERROR(VLOOKUP($D99,PlayerDB!$F$2:$H209,3,FALSE),"") | G99: =IFERROR(VLOOKUP($D99,PlayerDB!$F$2:$I209,4,FALSE),"") | I99: =IFERROR(__xludf.DUMMYFUNCTION("JOIN("" | "",'Team Stats'!C$3:H$3)"),"0 | 0 | 0 | 0 | 0 | 0") -> 0 | 0 | 0 | 0 | 0 | 0 | J99: =IFERROR(__xludf.DUMMYFUNCTION("JOIN("" | "",'Team Stats'!I$3:K$3)"),"0 | 0 | 0") -> 0 | 0 | 0
B100: 99 | C100: ='Teams & Draft Order'!$C$8 -> Icelanders | E100: =IFERROR(VLOOKUP($D100,PlayerDB!$F$2:$G209,2,FALSE),"") | F100: =IFERROR(VLOOKUP($D100,PlayerDB!$F$2:$H209,3,FALSE),"") | G100: =IFERROR(VLOOKUP($D100,PlayerDB!$F$2:$I209,4,FALSE),"") | I100: =IFERROR(__xludf.DUMMYFUNCTION("JOIN("" | "",'Team Stats'!C$4:H$4)"),"0 | 0 | 0 | 0 | 0 | 0") -> 0 | 0 | 0 | 0 | 0 | 0 | J100: =IFERROR(__xludf.DUMMYFUNCTION("JOIN("" | "",'Team Stats'!I$4:K$4)"),"0 | 0 | 0") -> 0 | 0 | 0
...

Sheet Draft (10 Teams)
A1: Round | B1: Pick | C1: =IF(C2="","ENTER TEAMS FIRST","Team") -> Team | D1: =IF(C2="","SEE DRAFT ORDER TAB","Player") -> Player | E1: Team | F1: Pos | G1: Bye | I1: =IFERROR(__xludf.DUMMYFUNCTION("JOIN("" | "",'Team Stats'!C$1:H$1)"),"QB | RB | WR | TE | K | D/ST") -> QB | RB | WR | TE | K | D/ST | J1: =IFERROR(__xludf.DUMMYFUNCTION("JOIN("" | "",'Team Stats'!I$1:K$1)"),"DL | LB | DB") -> DL | LB | DB | L1: ="ADP (Fantasypros, "& HOME!C5 &")" -> ADP (Fantasypros, 28.08.2023)
A2: Round 01 | B2: 1 | C2: ='Teams & Draft Order'!$C$6 -> Sleeper Cell | E2: =IFERROR(VLOOKUP($D2,PlayerDB!$F$2:$G261,2,FALSE),"") | F2: =IFERROR(VLOOKUP($D2,PlayerDB!$F$2:$H261,3,FALSE),"") | G2: =IFERROR(VLOOKUP($D2,PlayerDB!$F$2:$I261,4,FALSE),"") | I2: =IFERROR(__xludf.DUMMYFUNCTION("JOIN("" | "",'Team Stats'!C$2:H$2)"),"1 | 0 | 0 | 0 | 0 | 0") -> 1 | 0 | 0 | 0 | 0 | 0 | J2: =IFERROR(__xludf.DUMMYFUNCTION("JOIN("" | "",'Team Stats'!I$2:K$2)"),"0 | 0 | 0") -> 0 | 0 | 0 | L2: Overall | P2: QB | Q2: =COUNTIF(F:F,"QB") -> 0
B3: 2 | C3: ='Teams & Draft Order'!$C$7 -> Phantasm | E3: =IFERROR(VLOOKUP($D3,PlayerDB!$F$2:$G261,2,FALSE),"") | F3: =IFERROR(VLOOKUP($D3,PlayerDB!$F$2:$H261,3,FALSE),"") | G3: =IFERROR(VLOOKUP($D3,PlayerDB!$F$2:$I261,4,FALSE),"") | I3: =IFERROR(__xludf.DUMMYFUNCTION("JOIN("" | "",'Team Stats'!C$3:H$3)"),"0 | 0 | 0 | 0 | 0 | 0") -> 0 | 0 | 0 | 0 | 0 | 0 | J3: =IFERROR(__xludf.DUMMYFUNCTION("JOIN("" | "",'Team Stats'!I$3:K$3)"),"0 | 0 | 0") -> 0 | 0 | 0 | L3: =IFERROR(__xludf.DUMMYFUNCTION("QUERY(HELP_PlayersLeft!A2:B261, ""select A LIMIT 20"")"),"Ja'Marr Chase – CIN") -> Ja'Marr Chase – CIN | M3: =IFERROR(VLOOKUP(L3,PlayerDB!$F$2:$G261,2,FALSE),"") -> 231.2 | N3: =IFERROR(VLOOKUP($L3,PlayerDB!$F$2:$H261,3,FALSE),"") -> WR | P3: =IFERROR(__xludf.DUMMYFUNCTION("QUERY(HELP_PlayersLeft!A2:B261, ""select A where B ='QB' LIMIT 20"")"),"Lamar Jackson – BAL") -> Lamar Jackson – BAL | Q3: =IFERROR(VLOOKUP(P3,PlayerDB!$F$2:$G261,2,FALSE),"") -> 378.8
B4: 3 | C4: ='Teams & Draft Order'!$C$8 -> Icelanders | E4: =IFERROR(VLOOKUP($D4,PlayerDB!$F$2:$G261,2,FALSE),"") | F4: =IFERROR(VLOOKUP($D4,PlayerDB!$F$2:$H261,3,FALSE),"") | G4: =IFERROR(VLOOKUP($D4,PlayerDB!$F$2:$I261,4,FALSE),"") | I4: =IFERROR(__xludf.DUMMYFUNCTION("JOIN("" | "",'Team Stats'!C$4:H$4)"),"0 | 0 | 0 | 0 | 0 | 0") -> 0 | 0 | 0 | 0 | 0 | 0 | J4: =IFERROR(__xludf.DUMMYFUNCTION("JOIN("" | "",'Team Stats'!I$4:K$4)"),"0 | 0 | 0") -> 0 | 0 | 0 | L4: =IFERROR(__xludf.DUMMYFUNCTION("""COMPUTED_VALUE"""),"Lamar Jackson – BAL") -> Lamar Jackson – BAL | M4: =IFERROR(VLOOKUP(L4,PlayerDB!$F$2:$G261,2,FALSE),"") -> 378.8 | N4: =IFERROR(VLOOKUP($L4,PlayerDB!$F$2:$H261,3,FALSE),"") -> QB | P4: =IFERROR(__xludf.DUMMYFUNCTION("""COMPUTED_VALUE"""),"Josh Allen – BUF") -> Josh Allen – BUF | Q4: =IFERROR(VLOOKUP(P4,PlayerDB!$F$2:$G261,2,FALSE),"") -> 376.7
B5: 4 | C5: ='Teams & Draft Order'!$C$9 -> El Nino | E5: =IFERROR(VLOOKUP($D5,PlayerDB!$F$2:$G261,2,FALSE),"") | F5: =IFERROR(VLOOKUP($D5,PlayerDB!$F$2:$H261,3,FALSE),"") | G5: =IFERROR(VLOOKUP($D5,PlayerDB!$F$2:$I261,4,FALSE),"") | I5: =IFERROR(__xludf.DUMMYFUNCTION("JOIN("" | "",'Team Stats'!C$5:H$5)"),"0 | 0 | 0 | 0 | 0 | 0") -> 0 | 0 | 0 | 0 | 0 | 0 | J5: =IFERROR(__xludf.DUMMYFUNCTION("JOIN("" | "",'Team Stats'!I$5:K$5)"),"0 | 0 | 0") -> 0 | 0 | 0 | L5: =IFERROR(__xludf.DUMMYFUNCTION("""COMPUTED_VALUE"""),"Brock Bowers – LV") -> Brock Bowers – LV | M5: =IFERROR(VLOOKUP(L5,PlayerDB!$F$2:$G261,2,FALSE),"") -> 149.7 | N5: =IFERROR(VLOOKUP($L5,PlayerDB!$F$2:$H261,3,FALSE),"") -> TE | P5: =IFERROR(__xludf.DUMMYFUNCTION("""COMPUTED_VALUE"""),"Jalen Hurts – PHI") -> Jalen Hurts – PHI | Q5: =IFERROR(VLOOKUP(P5,PlayerDB!$F$2:$G261,2,FALSE),"") -> 356.6
B6: 5 | C6: ='Teams & Draft Order'!$C$10 -> Buttheads | E6: =IFERROR(VLOOKUP($D6,PlayerDB!$F$2:$G261,2,FALSE),"") | F6: =IFERROR(VLOOKUP($D6,PlayerDB!$F$2:$H261,3,FALSE),"") | G6: =IFERROR(VLOOKUP($D6,PlayerDB!$F$2:$I261,4,FALSE),"") | I6: =IFERROR(__xludf.DUMMYFUNCTION("JOIN("" | "",'Team Stats'!C$6:H$6)"),"0 | 0 | 0 | 0 | 0 | 0") -> 0 | 0 | 0 | 0 | 0 | 0 | J6: =IFERROR(__xludf.DUMMYFUNCTION("JOIN("" | "",'Team Stats'!I$6:K$6)"),"0 | 0 | 0") -> 0 | 0 | 0 | L6: =IFERROR(__xludf.DUMMYFUNCTION("""COMPUTED_VALUE"""),"Brandon Aubrey – DAL") -> Brandon Aubrey – DAL | M6: =IFERROR(VLOOKUP(L6,PlayerDB!$F$2:$G261,2,FALSE),"") -> 140 | N6: =IFERROR(VLOOKUP($L6,PlayerDB!$F$2:$H261,3,FALSE),"") -> K | P6: =IFERROR(__xludf.DUMMYFUNCTION("""COMPUTED_VALUE"""),"Jayden Daniels – WAS") -> Jayden Daniels – WAS | Q6: =IFERROR(VLOOKUP(P6,PlayerDB!$F$2:$G261,2,FALSE),"") -> 355.8
B7: 6 | C7: ='Teams & Draft Order'!$C$11 -> Big Boys Big Work | E7: =IFERROR(VLOOKUP($D7,PlayerDB!$F$2:$G261,2,FALSE),"") | F7: =IFERROR(VLOOKUP($D7,PlayerDB!$F$2:$H261,3,FALSE),"") | G7: =IFERROR(VLOOKUP($D7,PlayerDB!$F$2:$I261,4,FALSE),"") | I7: =IFERROR(__xludf.DUMMYFUNCTION("JOIN("" | "",'Team Stats'!C$7:H$7)"),"0 | 0 | 0 | 0 | 0 | 0") -> 0 | 0 | 0 | 0 | 0 | 0 | J7: =IFERROR(__xludf.DUMMYFUNCTION("JOIN("" | "",'Team Stats'!I$7:K$7)"),"0 | 0 | 0") -> 0 | 0 | 0 | L7: =IFERROR(__xludf.DUMMYFUNCTION("""COMPUTED_VALUE"""),"Christian McCaffrey – SF") -> Christian McCaffrey – SF | M7: =IFERROR(VLOOKUP(L7,PlayerDB!$F$2:$G261,2,FALSE),"") -> 254 | N7: =IFERROR(VLOOKUP($L7,PlayerDB!$F$2:$H261,3,FALSE),"") -> RB | P7: =IFERROR(__xludf.DUMMYFUNCTION("""COMPUTED_VALUE"""),"Joe Burrow – CIN") -> Joe Burrow – CIN | Q7: =IFERROR(VLOOKUP(P7,PlayerDB!$F$2:$G261,2,FALSE),"") -> 341.6
B8: 7 | C8: ='Teams & Draft Order'!$C$12 -> Turbo-Ginz | E8: =IFERROR(VLOOKUP($D8,PlayerDB!$F$2:$G261,2,FALSE),"") | F8: =IFERROR(VLOOKUP($D8,PlayerDB!$F$2:$H261,3,FALSE),"") | G8: =IFERROR(VLOOKUP($D8,PlayerDB!$F$2:$I261,4,FALSE),"") | I8: =IFERROR(__xludf.DUMMYFUNCTION("JOIN("" | "",'Team Stats'!C$8:H$8)"),"0 | 0 | 0 | 0 | 0 | 0") -> 0 | 0 | 0 | 0 | 0 | 0 | J8: =IFERROR(__xludf.DUMMYFUNCTION("JOIN("" | "",'Team Stats'!I$8:K$8)"),"0 | 0 | 0") -> 0 | 0 | 0 | L8: =IFERROR(__xludf.DUMMYFUNCTION("""COMPUTED_VALUE"""),"Justin Jefferson – MIN") -> Justin Jefferson – MIN | M8: =IFERROR(VLOOKUP(L8,PlayerDB!$F$2:$G261,2,FALSE),"") -> 205.2 | N8: =IFERROR(VLOOKUP($L8,PlayerDB!$F$2:$H261,3,FALSE),"") -> WR | P8: =IFERROR(__xludf.DUMMYFUNCTION("""COMPUTED_VALUE"""),"Patrick Mahomes – KC") -> Patrick Mahomes – KC | Q8: =IFERROR(VLOOKUP(P8,PlayerDB!$F$2:$G261,2,FALSE),"") -> 327.1
B9: 8 | C9: ='Teams & Draft Order'!$C$13 -> Luddite | E9: =IFERROR(VLOOKUP($D9,PlayerDB!$F$2:$G261,2,FALSE),"") | F9: =IFERROR(VLOOKUP($D9,PlayerDB!$F$2:$H261,3,FALSE),"") | G9: =IFERROR(VLOOKUP($D9,PlayerDB!$F$2:$I261,4,FALSE),"") | I9: =IFERROR(__xludf.DUMMYFUNCTION("JOIN("" | "",'Team Stats'!C$9:H$9)"),"0 | 0 | 0 | 0 | 0 | 0") -> 0 | 0 | 0 | 0 | 0 | 0 | J9: =IFERROR(__xludf.DUMMYFUNCTION("JOIN("" | "",'Team Stats'!I$9:K$9)"),"0 | 0 | 0") -> 0 | 0 | 0 | L9: =IFERROR(__xludf.DUMMYFUNCTION("""COMPUTED_VALUE"""),"Josh Allen – BUF") -> Josh Allen – BUF | M9: =IFERROR(VLOOKUP(L9,PlayerDB!$F$2:$G261,2,FALSE),"") -> 376.7 | N9: =IFERROR(VLOOKUP($L9,PlayerDB!$F$2:$H261,3,FALSE),"") -> QB | P9: =IFERROR(__xludf.DUMMYFUNCTION("""COMPUTED_VALUE"""),"Baker Mayfield – TB") -> Baker Mayfield – TB | Q9: =IFERROR(VLOOKUP(P9,PlayerDB!$F$2:$G261,2,FALSE),"") -> 321.6
B10: 9 | C10: ='Teams & Draft Order'!$C$14 -> Achaians | E10: =IFERROR(VLOOKUP($D10,PlayerDB!$F$2:$G261,2,FALSE),"") | F10: =IFERROR(VLOOKUP($D10,PlayerDB!$F$2:$H261,3,FALSE),"") | G10: =IFERROR(VLOOKUP($D10,PlayerDB!$F$2:$I261,4,FALSE),"") | I10: =IFERROR(__xludf.DUMMYFUNCTION("JOIN("" | "",'Team Stats'!C$10:H$10)"),"0 | 0 | 0 | 0 | 0 | 0") -> 0 | 0 | 0 | 0 | 0 | 0 | J10: =IFERROR(__xludf.DUMMYFUNCTION("JOIN("" | "",'Team Stats'!I$10:K$10)"),"0 | 0 | 0") -> 0 | 0 | 0 | L10: =IFERROR(__xludf.DUMMYFUNCTION("""COMPUTED_VALUE"""),"George Kittle – SF") -> George Kittle – SF | M10: =IFERROR(VLOOKUP(L10,PlayerDB!$F$2:$G261,2,FALSE),"") -> 147.6 | N10: =IFERROR(VLOOKUP($L10,PlayerDB!$F$2:$H261,3,FALSE),"") -> TE | P10: =IFERROR(__xludf.DUMMYFUNCTION("""COMPUTED_VALUE"""),"Kyler Murray – ARI") -> Kyler Murray – ARI | Q10: =IFERROR(VLOOKUP(P10,PlayerDB!$F$2:$G261,2,FALSE),"") -> 319
B11: 10 | C11: ='Teams & Draft Order'!$C$15 -> Daddy's Dogs | E11: =IFERROR(VLOOKUP($D11,PlayerDB!$F$2:$G261,2,FALSE),"") | F11: =IFERROR(VLOOKUP($D11,PlayerDB!$F$2:$H261,3,FALSE),"") | G11: =IFERROR(VLOOKUP($D11,PlayerDB!$F$2:$I261,4,FALSE),"") | I11: =IFERROR(__xludf.DUMMYFUNCTION("JOIN("" | "",'Team Stats'!C$11:H$11)"),"0 | 0 | 0 | 0 | 0 | 0") -> 0 | 0 | 0 | 0 | 0 | 0 | J11: =IFERROR(__xludf.DUMMYFUNCTION("JOIN("" | "",'Team Stats'!I$11:K$11)"),"0 | 0 | 0") -> 0 | 0 | 0 | L11: =IFERROR(__xludf.DUMMYFUNCTION("""COMPUTED_VALUE"""),"Chase McLaughlin – TB") -> Chase McLaughlin – TB | M11: =IFERROR(VLOOKUP(L11,PlayerDB!$F$2:$G261,2,FALSE),"") -> 136 | N11: =IFERROR(VLOOKUP($L11,PlayerDB!$F$2:$H261,3,FALSE),"") -> K | P11: =IFERROR(__xludf.DUMMYFUNCTION("""COMPUTED_VALUE"""),"Brock Purdy – SF") -> Brock Purdy – SF | Q11: =IFERROR(VLOOKUP(P11,PlayerDB!$F$2:$G261,2,FALSE),"") -> 309.6
A12: Round 02 | B12: 11 | C12: ='Teams & Draft Order'!$C$15 -> Daddy's Dogs | E12: =IFERROR(VLOOKUP($D12,PlayerDB!$F$2:$G261,2,FALSE),"") | F12: =IFERROR(VLOOKUP($D12,PlayerDB!$F$2:$H261,3,FALSE),"") | G12: =IFERROR(VLOOKUP($D12,PlayerDB!$F$2:$I261,4,FALSE),"") | I12: =IFERROR(__xludf.DUMMYFUNCTION("JOIN("" | "",'Team Stats'!C$11:H$11)"),"0 | 0 | 0 | 0 | 0 | 0") -> 0 | 0 | 0 | 0 | 0 | 0 | J12: =IFERROR(__xludf.DUMMYFUNCTION("JOIN("" | "",#REF!)"),"#REF!") -> #REF! | L12: =IFERROR(__xludf.DUMMYFUNCTION("""COMPUTED_VALUE"""),"Derrick Henry – BAL") -> Derrick Henry – BAL | M12: =IFERROR(VLOOKUP(L12,PlayerDB!$F$2:$G261,2,FALSE),"") -> 253 | N12: =IFERROR(VLOOKUP($L12,PlayerDB!$F$2:$H261,3,FALSE),"") -> RB | P12: =IFERROR(__xludf.DUMMYFUNCTION("""COMPUTED_VALUE"""),"Bo Nix – DEN") -> Bo Nix – DEN | Q12: =IFERROR(VLOOKUP(P12,PlayerDB!$F$2:$G261,2,FALSE),"") -> 308.8
B13: 12 | C13: ='Teams & Draft Order'!$C$14 -> Achaians | E13: =IFERROR(VLOOKUP($D13,PlayerDB!$F$2:$G261,2,FALSE),"") | F13: =IFERROR(VLOOKUP($D13,PlayerDB!$F$2:$H261,3,FALSE),"") | G13: =IFERROR(VLOOKUP($D13,PlayerDB!$F$2:$I261,4,FALSE),"") | I13: =IFERROR(__xludf.DUMMYFUNCTION("JOIN("" | "",'Team Stats'!C$10:H$10)"),"0 | 0 | 0 | 0 | 0 | 0") -> 0 | 0 | 0 | 0 | 0 | 0 | J13: =IFERROR(__xludf.DUMMYFUNCTION("JOIN("" | "",#REF!)"),"#REF!") -> #REF! | L13: =IFERROR(__xludf.DUMMYFUNCTION("""COMPUTED_VALUE"""),"CeeDee Lamb – DAL") -> CeeDee Lamb – DAL | M13: =IFERROR(VLOOKUP(L13,PlayerDB!$F$2:$G261,2,FALSE),"") -> 193 | N13: =IFERROR(VLOOKUP($L13,PlayerDB!$F$2:$H261,3,FALSE),"") -> WR | P13: =IFERROR(__xludf.DUMMYFUNCTION("""COMPUTED_VALUE"""),"Justin Fields – NYJ") -> Justin Fields – NYJ | Q13: =IFERROR(VLOOKUP(P13,PlayerDB!$F$2:$G261,2,FALSE),"") -> 300.9
B14: 13 | C14: ='Teams & Draft Order'!$C$13 -> Luddite | E14: =IFERROR(VLOOKUP($D14,PlayerDB!$F$2:$G261,2,FALSE),"") | F14: =IFERROR(VLOOKUP($D14,PlayerDB!$F$2:$H261,3,FALSE),"") | G14: =IFERROR(VLOOKUP($D14,PlayerDB!$F$2:$I261,4,FALSE),"") | I14: =IFERROR(__xludf.DUMMYFUNCTION("JOIN("" | "",'Team Stats'!C$9:H$9)"),"0 | 0 | 0 | 0 | 0 | 0") -> 0 | 0 | 0 | 0 | 0 | 0 | J14: =IFERROR(__xludf.DUMMYFUNCTION("JOIN("" | "",#REF!)"),"#REF!") -> #REF! | L14: =IFERROR(__xludf.DUMMYFUNCTION("""COMPUTED_VALUE"""),"Jalen Hurts – PHI") -> Jalen Hurts – PHI | M14: =IFERROR(VLOOKUP(L14,PlayerDB!$F$2:$G261,2,FALSE),"") -> 356.6 | N14: =IFERROR(VLOOKUP($L14,PlayerDB!$F$2:$H261,3,FALSE),"") -> QB | P14: =IFERROR(__xludf.DUMMYFUNCTION("""COMPUTED_VALUE"""),"Justin Herbert – LAC") -> Justin Herbert – LAC | Q14: =IFERROR(VLOOKUP(P14,PlayerDB!$F$2:$G261,2,FALSE),"") -> 293.8
B15: 14 | C15: ='Teams & Draft Order'!$C$12 -> Turbo-Ginz | E15: =IFERROR(VLOOKUP($D15,PlayerDB!$F$2:$G261,2,FALSE),"") | F15: =IFERROR(VLOOKUP($D15,PlayerDB!$F$2:$H261,3,FALSE),"") | G15: =IFERROR(VLOOKUP($D15,PlayerDB!$F$2:$I261,4,FALSE),"") | I15: =IFERROR(__xludf.DUMMYFUNCTION("JOIN("" | "",'Team Stats'!C$8:H$8)"),"0 | 0 | 0 | 0 | 0 | 0") -> 0 | 0 | 0 | 0 | 0 | 0 | J15: =IFERROR(__xludf.DUMMYFUNCTION("JOIN("" | "",#REF!)"),"#REF!") -> #REF! | L15: =IFERROR(__xludf.DUMMYFUNCTION("""COMPUTED_VALUE"""),"Trey McBride – ARI") -> Trey McBride – ARI | M15: =IFERROR(VLOOKUP(L15,PlayerDB!$F$2:$G261,2,FALSE),"") -> 139.4 | N15: =IFERROR(VLOOKUP($L15,PlayerDB!$F$2:$H261,3,FALSE),"") -> TE | P15: =IFERROR(__xludf.DUMMYFUNCTION("""COMPUTED_VALUE"""),"Jared Goff – DET") -> Jared Goff – DET | Q15: =IFERROR(VLOOKUP(P15,PlayerDB!$F$2:$G261,2,FALSE),"") -> 290
B16: 15 | C16: ='Teams & Draft Order'!$C$11 -> Big Boys Big Work | E16: =IFERROR(VLOOKUP($D16,PlayerDB!$F$2:$G261,2,FALSE),"") | F16: =IFERROR(VLOOKUP($D16,PlayerDB!$F$2:$H261,3,FALSE),"") | G16: =IFERROR(VLOOKUP($D16,PlayerDB!$F$2:$I261,4,FALSE),"") | I16: =IFERROR(__xludf.DUMMYFUNCTION("JOIN("" | "",'Team Stats'!C$7:H$7)"),"0 | 0 | 0 | 0 | 0 | 0") -> 0 | 0 | 0 | 0 | 0 | 0 | J16: =IFERROR(__xludf.DUMMYFUNCTION("JOIN("" | "",'Team Stats'!I$11:K$11)"),"0 | 0 | 0") -> 0 | 0 | 0 | L16: =IFERROR(__xludf.DUMMYFUNCTION("""COMPUTED_VALUE"""),"Cameron Dicker – LAC") -> Cameron Dicker – LAC | M16: =IFERROR(VLOOKUP(L16,PlayerDB!$F$2:$G261,2,FALSE),"") -> 135 | N16: =IFERROR(VLOOKUP($L16,PlayerDB!$F$2:$H261,3,FALSE),"") -> K | P16: =IFERROR(__xludf.DUMMYFUNCTION("""COMPUTED_VALUE"""),"Dak Prescott – DAL") -> Dak Prescott – DAL | Q16: =IFERROR(VLOOKUP(P16,PlayerDB!$F$2:$G261,2,FALSE),"") -> 290
B17: 16 | C17: ='Teams & Draft Order'!$C$10 -> Buttheads | E17: =IFERROR(VLOOKUP($D17,PlayerDB!$F$2:$G261,2,FALSE),"") | F17: =IFERROR(VLOOKUP($D17,PlayerDB!$F$2:$H261,3,FALSE),"") | G17: =IFERROR(VLOOKUP($D17,PlayerDB!$F$2:$I261,4,FALSE),"") | I17: =IFERROR(__xludf.DUMMYFUNCTION("JOIN("" | "",'Team Stats'!C$6:H$6)"),"0 | 0 | 0 | 0 | 0 | 0") -> 0 | 0 | 0 | 0 | 0 | 0 | J17: =IFERROR(__xludf.DUMMYFUNCTION("JOIN("" | "",'Team Stats'!I$10:K$10)"),"0 | 0 | 0") -> 0 | 0 | 0 | L17: =IFERROR(__xludf.DUMMYFUNCTION("""COMPUTED_VALUE"""),"Saquon Barkley – PHI") -> Saquon Barkley – PHI | M17: =IFERROR(VLOOKUP(L17,PlayerDB!$F$2:$G261,2,FALSE),"") -> 231 | N17: =IFERROR(VLOOKUP($L17,PlayerDB!$F$2:$H261,3,FALSE),"") -> RB | P17: =IFERROR(__xludf.DUMMYFUNCTION("""COMPUTED_VALUE"""),"J.J. McCarthy – MIN") -> J.J. McCarthy – MIN | Q17: =IFERROR(VLOOKUP(P17,PlayerDB!$F$2:$G261,2,FALSE),"") -> 289.2
B18: 17 | C18: ='Teams & Draft Order'!$C$9 -> El Nino | E18: =IFERROR(VLOOKUP($D18,PlayerDB!$F$2:$G261,2,FALSE),"") | F18: =IFERROR(VLOOKUP($D18,PlayerDB!$F$2:$H261,3,FALSE),"") | G18: =IFERROR(VLOOKUP($D18,PlayerDB!$F$2:$I261,4,FALSE),"") | I18: =IFERROR(__xludf.DUMMYFUNCTION("JOIN("" | "",'Team Stats'!C$5:H$5)"),"0 | 0 | 0 | 0 | 0 | 0") -> 0 | 0 | 0 | 0 | 0 | 0 | J18: =IFERROR(__xludf.DUMMYFUNCTION("JOIN("" | "",'Team Stats'!I$9:K$9)"),"0 | 0 | 0") -> 0 | 0 | 0 | L18: =IFERROR(__xludf.DUMMYFUNCTION("""COMPUTED_VALUE"""),"Puka Nacua – LAR") -> Puka Nacua – LAR | M18: =IFERROR(VLOOKUP(L18,PlayerDB!$F$2:$G261,2,FALSE),"") -> 187.7 | N18: =IFERROR(VLOOKUP($L18,PlayerDB!$F$2:$H261,3,FALSE),"") -> WR | P18: =IFERROR(__xludf.DUMMYFUNCTION("""COMPUTED_VALUE"""),"Caleb Williams – CHI") -> Caleb Williams – CHI | Q18: =IFERROR(VLOOKUP(P18,PlayerDB!$F$2:$G261,2,FALSE),"") -> 287.5
B19: 18 | C19: ='Teams & Draft Order'!$C$8 -> Icelanders | E19: =IFERROR(VLOOKUP($D19,PlayerDB!$F$2:$G261,2,FALSE),"") | F19: =IFERROR(VLOOKUP($D19,PlayerDB!$F$2:$H261,3,FALSE),"") | G19: =IFERROR(VLOOKUP($D19,PlayerDB!$F$2:$I261,4,FALSE),"") | I19: =IFERROR(__xludf.DUMMYFUNCTION("JOIN("" | "",'Team Stats'!C$4:H$4)"),"0 | 0 | 0 | 0 | 0 | 0") -> 0 | 0 | 0 | 0 | 0 | 0 | J19: =IFERROR(__xludf.DUMMYFUNCTION("JOIN("" | "",'Team Stats'!I$8:K$8)"),"0 | 0 | 0") -> 0 | 0 | 0 | L19: =IFERROR(__xludf.DUMMYFUNCTION("""COMPUTED_VALUE"""),"Jayden Daniels – WAS") -> Jayden Daniels – WAS | M19: =IFERROR(VLOOKUP(L19,PlayerDB!$F$2:$G261,2,FALSE),"") -> 355.8 | N19: =IFERROR(VLOOKUP($L19,PlayerDB!$F$2:$H261,3,FALSE),"") -> QB | P19: =IFERROR(__xludf.DUMMYFUNCTION("""COMPUTED_VALUE"""),"C.J. Stroud – HOU") -> C.J. Stroud – HOU | Q19: =IFERROR(VLOOKUP(P19,PlayerDB!$F$2:$G261,2,FALSE),"") -> 279.8
B20: 19 | C20: ='Teams & Draft Order'!$C$7 -> Phantasm | E20: =IFERROR(VLOOKUP($D20,PlayerDB!$F$2:$G261,2,FALSE),"") | F20: =IFERROR(VLOOKUP($D20,PlayerDB!$F$2:$H261,3,FALSE),"") | G20: =IFERROR(VLOOKUP($D20,PlayerDB!$F$2:$I261,4,FALSE),"") | I20: =IFERROR(__xludf.DUMMYFUNCTION("JOIN("" | "",'Team Stats'!C$3:H$3)"),"0 | 0 | 0 | 0 | 0 | 0") -> 0 | 0 | 0 | 0 | 0 | 0 | J20: =IFERROR(__xludf.DUMMYFUNCTION("JOIN("" | "",'Team Stats'!I$7:K$7)"),"0 | 0 | 0") -> 0 | 0 | 0 | L20: =IFERROR(__xludf.DUMMYFUNCTION("""COMPUTED_VALUE"""),"Mark Andrews – BAL") -> Mark Andrews – BAL | M20: =IFERROR(VLOOKUP(L20,PlayerDB!$F$2:$G261,2,FALSE),"") -> 117.3 | N20: =IFERROR(VLOOKUP($L20,PlayerDB!$F$2:$H261,3,FALSE),"") -> TE | P20: =IFERROR(__xludf.DUMMYFUNCTION("""COMPUTED_VALUE"""),"Jordan Love – GB") -> Jordan Love – GB | Q20: =IFERROR(VLOOKUP(P20,PlayerDB!$F$2:$G261,2,FALSE),"") -> 278.7
B21: 20 | C21: ='Teams & Draft Order'!$C$6 -> Sleeper Cell | E21: =IFERROR(VLOOKUP($D21,PlayerDB!$F$2:$G261,2,FALSE),"") | F21: =IFERROR(VLOOKUP($D21,PlayerDB!$F$2:$H261,3,FALSE),"") | G21: =IFERROR(VLOOKUP($D21,PlayerDB!$F$2:$I261,4,FALSE),"") | I21: =IFERROR(__xludf.DUMMYFUNCTION("JOIN("" | "",'Team Stats'!C$2:H$2)"),"1 | 0 | 0 | 0 | 0 | 0") -> 1 | 0 | 0 | 0 | 0 | 0 | J21: =IFERROR(__xludf.DUMMYFUNCTION("JOIN("" | "",'Team Stats'!I$6:K$6)"),"0 | 0 | 0") -> 0 | 0 | 0 | L21: =IFERROR(__xludf.DUMMYFUNCTION("""COMPUTED_VALUE"""),"Jake Elliott – PHI") -> Jake Elliott – PHI | M21: =IFERROR(VLOOKUP(L21,PlayerDB!$F$2:$G261,2,FALSE),"") -> 134 | N21: =IFERROR(VLOOKUP($L21,PlayerDB!$F$2:$H261,3,FALSE),"") -> K | P21: =IFERROR(__xludf.DUMMYFUNCTION("""COMPUTED_VALUE"""),"Trevor Lawrence – JAX") -> Trevor Lawrence – JAX | Q21: =IFERROR(VLOOKUP(P21,PlayerDB!$F$2:$G261,2,FALSE),"") -> 273.8
A22: Round 03 | B22: 21 | C22: ='Teams & Draft Order'!$C$6 -> Sleeper Cell | E22: =IFERROR(VLOOKUP($D22,PlayerDB!$F$2:$G261,2,FALSE),"") | F22: =IFERROR(VLOOKUP($D22,PlayerDB!$F$2:$H261,3,FALSE),"") | G22: =IFERROR(VLOOKUP($D22,PlayerDB!$F$2:$I261,4,FALSE),"") | I22: =IFERROR(__xludf.DUMMYFUNCTION("JOIN("" | "",'Team Stats'!C$2:H$2)"),"1 | 0 | 0 | 0 | 0 | 0") -> 1 | 0 | 0 | 0 | 0 | 0 | J22: =IFERROR(__xludf.DUMMYFUNCTION("JOIN("" | "",'Team Stats'!I$5:K$5)"),"0 | 0 | 0") -> 0 | 0 | 0 | L22: =IFERROR(__xludf.DUMMYFUNCTION("""COMPUTED_VALUE"""),"Jahmyr Gibbs – DET") -> Jahmyr Gibbs – DET | M22: =IFERROR(VLOOKUP(L22,PlayerDB!$F$2:$G261,2,FALSE),"") -> 244 | N22: =IFERROR(VLOOKUP($L22,PlayerDB!$F$2:$H261,3,FALSE),"") -> RB | P22: =IFERROR(__xludf.DUMMYFUNCTION("""COMPUTED_VALUE"""),"Drake Maye – NE") -> Drake Maye – NE | Q22: =IFERROR(VLOOKUP(P22,PlayerDB!$F$2:$G261,2,FALSE),"") -> 270.8
B23: 22 | C23: ='Teams & Draft Order'!$C$7 -> Phantasm | E23: =IFERROR(VLOOKUP($D23,PlayerDB!$F$2:$G261,2,FALSE),"") | F23: =IFERROR(VLOOKUP($D23,PlayerDB!$F$2:$H261,3,FALSE),"") | G23: =IFERROR(VLOOKUP($D23,PlayerDB!$F$2:$I261,4,FALSE),"") | I23: =IFERROR(__xludf.DUMMYFUNCTION("JOIN("" | "",'Team Stats'!C$3:H$3)"),"0 | 0 | 0 | 0 | 0 | 0") -> 0 | 0 | 0 | 0 | 0 | 0 | J23: =IFERROR(__xludf.DUMMYFUNCTION("JOIN("" | "",'Team Stats'!I$4:K$4)"),"0 | 0 | 0") -> 0 | 0 | 0
B24: 23 | C24: ='Teams & Draft Order'!$C$8 -> Icelanders | E24: =IFERROR(VLOOKUP($D24,PlayerDB!$F$2:$G261,2,FALSE),"") | F24: =IFERROR(VLOOKUP($D24,PlayerDB!$F$2:$H261,3,FALSE),"") | G24: =IFERROR(VLOOKUP($D24,PlayerDB!$F$2:$I261,4,FALSE),"") | I24: =IFERROR(__xludf.DUMMYFUNCTION("JOIN("" | "",'Team Stats'!C$4:H$4)"),"0 | 0 | 0 | 0 | 0 | 0") -> 0 | 0 | 0 | 0 | 0 | 0 | J24: =IFERROR(__xludf.DUMMYFUNCTION("JOIN("" | "",'Team Stats'!I$3:K$3)"),"0 | 0 | 0") -> 0 | 0 | 0
B25: 24 | C25: ='Teams & Draft Order'!$C$9 -> El Nino | E25: =IFERROR(VLOOKUP($D25,PlayerDB!$F$2:$G261,2,FALSE),"") | F25: =IFERROR(VLOOKUP($D25,PlayerDB!$F$2:$H261,3,FALSE),"") | G25: =IFERROR(VLOOKUP($D25,PlayerDB!$F$2:$I261,4,FALSE),"") | I25: =IFERROR(__xludf.DUMMYFUNCTION("JOIN("" | "",'Team Stats'!C$5:H$5)"),"0 | 0 | 0 | 0 | 0 | 0") -> 0 | 0 | 0 | 0 | 0 | 0 | J25: =IFERROR(__xludf.DUMMYFUNCTION("JOIN("" | "",'Team Stats'!I$2:K$2)"),"0 | 0 | 0") -> 0 | 0 | 0
B26: 25 | C26: ='Teams & Draft Order'!$C$10 -> Buttheads | E26: =IFERROR(VLOOKUP($D26,PlayerDB!$F$2:$G261,2,FALSE),"") | F26: =IFERROR(VLOOKUP($D26,PlayerDB!$F$2:$H261,3,FALSE),"") | G26: =IFERROR(VLOOKUP($D26,PlayerDB!$F$2:$I261,4,FALSE),"") | I26: =IFERROR(__xludf.DUMMYFUNCTION("JOIN("" | "",'Team Stats'!C$6:H$6)"),"0 | 0 | 0 | 0 | 0 | 0") -> 0 | 0 | 0 | 0 | 0 | 0 | J26: =IFERROR(__xludf.DUMMYFUNCTION("JOIN("" | "",'Team Stats'!I$2:K$2)"),"0 | 0 | 0") -> 0 | 0 | 0 | L26: RB | M26: =COUNTIF(F:F,"RB") -> 0 | P26: WR | Q26: =COUNTIF(F:F,"WR") -> 0
B27: 26 | C27: ='Teams & Draft Order'!$C$11 -> Big Boys Big Work | E27: =IFERROR(VLOOKUP($D27,PlayerDB!$F$2:$G261,2,FALSE),"") | F27: =IFERROR(VLOOKUP($D27,PlayerDB!$F$2:$H261,3,FALSE),"") | G27: =IFERROR(VLOOKUP($D27,PlayerDB!$F$2:$I261,4,FALSE),"") | I27: =IFERROR(__xludf.DUMMYFUNCTION("JOIN("" | "",'Team Stats'!C$7:H$7)"),"0 | 0 | 0 | 0 | 0 | 0") -> 0 | 0 | 0 | 0 | 0 | 0 | J27: =IFERROR(__xludf.DUMMYFUNCTION("JOIN("" | "",'Team Stats'!I$3:K$3)"),"0 | 0 | 0") -> 0 | 0 | 0 | L27: =IFERROR(__xludf.DUMMYFUNCTION("QUERY(HELP_PlayersLeft!A2:B261, ""select A where B ='RB' LIMIT 20"")"),"Christian McCaffrey – SF") -> Christian McCaffrey – SF | M27: =IFERROR(VLOOKUP(L27,PlayerDB!$F$2:$G261,2,FALSE),"") -> 254 | P27: =IFERROR(__xludf.DUMMYFUNCTION("QUERY(HELP_PlayersLeft!A2:B261, ""select A where B ='WR' LIMIT 20"")"),"Ja'Marr Chase – CIN") -> Ja'Marr Chase – CIN | Q27: =IFERROR(VLOOKUP(P27,PlayerDB!$F$2:$G261,2,FALSE),"") -> 231.2
B28: 27 | C28: ='Teams & Draft Order'!$C$12 -> Turbo-Ginz | E28: =IFERROR(VLOOKUP($D28,PlayerDB!$F$2:$G261,2,FALSE),"") | F28: =IFERROR(VLOOKUP($D28,PlayerDB!$F$2:$H261,3,FALSE),"") | G28: =IFERROR(VLOOKUP($D28,PlayerDB!$F$2:$I261,4,FALSE),"") | I28: =IFERROR(__xludf.DUMMYFUNCTION("JOIN("" | "",'Team Stats'!C$8:H$8)"),"0 | 0 | 0 | 0 | 0 | 0") -> 0 | 0 | 0 | 0 | 0 | 0 | J28: =IFERROR(__xludf.DUMMYFUNCTION("JOIN("" | "",'Team Stats'!I$4:K$4)"),"0 | 0 | 0") -> 0 | 0 | 0 | L28: =IFERROR(__xludf.DUMMYFUNCTION("""COMPUTED_VALUE"""),"Derrick Henry – BAL") -> Derrick Henry – BAL | M28: =IFERROR(VLOOKUP(L28,PlayerDB!$F$2:$G261,2,FALSE),"") -> 253 | P28: =IFERROR(__xludf.DUMMYFUNCTION("""COMPUTED_VALUE"""),"Justin Jefferson – MIN") -> Justin Jefferson – MIN | Q28: =IFERROR(VLOOKUP(P28,PlayerDB!$F$2:$G261,2,FALSE),"") -> 205.2
B29: 28 | C29: ='Teams & Draft Order'!$C$13 -> Luddite | E29: =IFERROR(VLOOKUP($D29,PlayerDB!$F$2:$G261,2,FALSE),"") | F29: =IFERROR(VLOOKUP($D29,PlayerDB!$F$2:$H261,3,FALSE),"") | G29: =IFERROR(VLOOKUP($D29,PlayerDB!$F$2:$I261,4,FALSE),"") | I29: =IFERROR(__xludf.DUMMYFUNCTION("JOIN("" | "",'Team Stats'!C$9:H$9)"),"0 | 0 | 0 | 0 | 0 | 0") -> 0 | 0 | 0 | 0 | 0 | 0 | J29: =IFERROR(__xludf.DUMMYFUNCTION("JOIN("" | "",'Team Stats'!I$5:K$5)"),"0 | 0 | 0") -> 0 | 0 | 0 | L29: =IFERROR(__xludf.DUMMYFUNCTION("""COMPUTED_VALUE"""),"Saquon Barkley – PHI") -> Saquon Barkley – PHI | M29: =IFERROR(VLOOKUP(L29,PlayerDB!$F$2:$G261,2,FALSE),"") -> 231 | P29: =IFERROR(__xludf.DUMMYFUNCTION("""COMPUTED_VALUE"""),"CeeDee Lamb – DAL") -> CeeDee Lamb – DAL | Q29: =IFERROR(VLOOKUP(P29,PlayerDB!$F$2:$G261,2,FALSE),"") -> 193
B30: 29 | C30: ='Teams & Draft Order'!$C$14 -> Achaians | E30: =IFERROR(VLOOKUP($D30,PlayerDB!$F$2:$G261,2,FALSE),"") | F30: =IFERROR(VLOOKUP($D30,PlayerDB!$F$2:$H261,3,FALSE),"") | G30: =IFERROR(VLOOKUP($D30,PlayerDB!$F$2:$I261,4,FALSE),"") | I30: =IFERROR(__xludf.DUMMYFUNCTION("JOIN("" | "",'Team Stats'!C$10:H$10)"),"0 | 0 | 0 | 0 | 0 | 0") -> 0 | 0 | 0 | 0 | 0 | 0 | J30: =IFERROR(__xludf.DUMMYFUNCTION("JOIN("" | "",'Team Stats'!I$6:K$6)"),"0 | 0 | 0") -> 0 | 0 | 0 | L30: =IFERROR(__xludf.DUMMYFUNCTION("""COMPUTED_VALUE"""),"Jahmyr Gibbs – DET") -> Jahmyr Gibbs – DET | M30: =IFERROR(VLOOKUP(L30,PlayerDB!$F$2:$G261,2,FALSE),"") -> 244 | P30: =IFERROR(__xludf.DUMMYFUNCTION("""COMPUTED_VALUE"""),"Puka Nacua – LAR") -> Puka Nacua – LAR | Q30: =IFERROR(VLOOKUP(P30,PlayerDB!$F$2:$G261,2,FALSE),"") -> 187.7
B31: 30 | C31: ='Teams & Draft Order'!$C$15 -> Daddy's Dogs | E31: =IFERROR(VLOOKUP($D31,PlayerDB!$F$2:$G261,2,FALSE),"") | F31: =IFERROR(VLOOKUP($D31,PlayerDB!$F$2:$H261,3,FALSE),"") | G31: =IFERROR(VLOOKUP($D31,PlayerDB!$F$2:$I261,4,FALSE),"") | I31: =IFERROR(__xludf.DUMMYFUNCTION("JOIN("" | "",'Team Stats'!C$11:H$11)"),"0 | 0 | 0 | 0 | 0 | 0") -> 0 | 0 | 0 | 0 | 0 | 0 | J31: =IFERROR(__xludf.DUMMYFUNCTION("JOIN("" | "",'Team Stats'!I$7:K$7)"),"0 | 0 | 0") -> 0 | 0 | 0 | L31: =IFERROR(__xludf.DUMMYFUNCTION("""COMPUTED_VALUE"""),"Jonathan Taylor – IND") -> Jonathan Taylor – IND | M31: =IFERROR(VLOOKUP(L31,PlayerDB!$F$2:$G261,2,FALSE),"") -> 224 | P31: =IFERROR(__xludf.DUMMYFUNCTION("""COMPUTED_VALUE"""),"Nico Collins – HOU") -> Nico Collins – HOU | Q31: =IFERROR(VLOOKUP(P31,PlayerDB!$F$2:$G261,2,FALSE),"") -> 183.6
A32: Round 04 | B32: 31 | C32: ='Teams & Draft Order'!$C$15 -> Daddy's Dogs | E32: =IFERROR(VLOOKUP($D32,PlayerDB!$F$2:$G261,2,FALSE),"") | F32: =IFERROR(VLOOKUP($D32,PlayerDB!$F$2:$H261,3,FALSE),"") | G32: =IFERROR(VLOOKUP($D32,PlayerDB!$F$2:$I261,4,FALSE),"") | I32: =IFERROR(__xludf.DUMMYFUNCTION("JOIN("" | "",'Team Stats'!C$11:H$11)"),"0 | 0 | 0 | 0 | 0 | 0") -> 0 | 0 | 0 | 0 | 0 | 0 | J32: =IFERROR(__xludf.DUMMYFUNCTION("JOIN("" | "",'Team Stats'!I$8:K$8)"),"0 | 0 | 0") -> 0 | 0 | 0 | L32: =IFERROR(__xludf.DUMMYFUNCTION("""COMPUTED_VALUE"""),"Josh Jacobs – GB") -> Josh Jacobs – GB | M32: =IFERROR(VLOOKUP(L32,PlayerDB!$F$2:$G261,2,FALSE),"") -> 224 | P32: =IFERROR(__xludf.DUMMYFUNCTION("""COMPUTED_VALUE"""),"Malik Nabers – NYG") -> Malik Nabers – NYG | Q32: =IFERROR(VLOOKUP(P32,PlayerDB!$F$2:$G261,2,FALSE),"") -> 183.3
B33: 32 | C33: ='Teams & Draft Order'!$C$14 -> Achaians | E33: =IFERROR(VLOOKUP($D33,PlayerDB!$F$2:$G261,2,FALSE),"") | F33: =IFERROR(VLOOKUP($D33,PlayerDB!$F$2:$H261,3,FALSE),"") | G33: =IFERROR(VLOOKUP($D33,PlayerDB!$F$2:$I261,4,FALSE),"") | I33: =IFERROR(__xludf.DUMMYFUNCTION("JOIN("" | "",'Team Stats'!C$10:H$10)"),"0 | 0 | 0 | 0 | 0 | 0") -> 0 | 0 | 0 | 0 | 0 | 0 | J33: =IFERROR(__xludf.DUMMYFUNCTION("JOIN("" | "",'Team Stats'!I$9:K$9)"),"0 | 0 | 0") -> 0 | 0 | 0 | L33: =IFERROR(__xludf.DUMMYFUNCTION("""COMPUTED_VALUE"""),"Ashton Jeanty – LV") -> Ashton Jeanty – LV | M33: =IFERROR(VLOOKUP(L33,PlayerDB!$F$2:$G261,2,FALSE),"") -> 222 | P33: =IFERROR(__xludf.DUMMYFUNCTION("""COMPUTED_VALUE"""),"Brian Thomas Jr. – JAX") -> Brian Thomas Jr. – JAX | Q33: =IFERROR(VLOOKUP(P33,PlayerDB!$F$2:$G261,2,FALSE),"") -> 181.4
B34: 33 | C34: ='Teams & Draft Order'!$C$13 -> Luddite | E34: =IFERROR(VLOOKUP($D34,PlayerDB!$F$2:$G261,2,FALSE),"") | F34: =IFERROR(VLOOKUP($D34,PlayerDB!$F$2:$H261,3,FALSE),"") | G34: =IFERROR(VLOOKUP($D34,PlayerDB!$F$2:$I261,4,FALSE),"") | I34: =IFERROR(__xludf.DUMMYFUNCTION("JOIN("" | "",'Team Stats'!C$9:H$9)"),"0 | 0 | 0 | 0 | 0 | 0") -> 0 | 0 | 0 | 0 | 0 | 0 | J34: =IFERROR(__xludf.DUMMYFUNCTION("JOIN("" | "",'Team Stats'!I$10:K$10)"),"0 | 0 | 0") -> 0 | 0 | 0 | L34: =IFERROR(__xludf.DUMMYFUNCTION("""COMPUTED_VALUE"""),"Kyren Williams – LAR") -> Kyren Williams – LAR | M34: =IFERROR(VLOOKUP(L34,PlayerDB!$F$2:$G261,2,FALSE),"") -> 215 | P34: =IFERROR(__xludf.DUMMYFUNCTION("""COMPUTED_VALUE"""),"Amon-Ra St. Brown – DET") -> Amon-Ra St. Brown – DET | Q34: =IFERROR(VLOOKUP(P34,PlayerDB!$F$2:$G261,2,FALSE),"") -> 180.8
B35: 34 | C35: ='Teams & Draft Order'!$C$12 -> Turbo-Ginz | E35: =IFERROR(VLOOKUP($D35,PlayerDB!$F$2:$G261,2,FALSE),"") | F35: =IFERROR(VLOOKUP($D35,PlayerDB!$F$2:$H261,3,FALSE),"") | G35: =IFERROR(VLOOKUP($D35,PlayerDB!$F$2:$I261,4,FALSE),"") | I35: =IFERROR(__xludf.DUMMYFUNCTION("JOIN("" | "",'Team Stats'!C$8:H$8)"),"0 | 0 | 0 | 0 | 0 | 0") -> 0 | 0 | 0 | 0 | 0 | 0 | J35: =IFERROR(__xludf.DUMMYFUNCTION("JOIN("" | "",'Team Stats'!I$11:K$11)"),"0 | 0 | 0") -> 0 | 0 | 0 | L35: =IFERROR(__xludf.DUMMYFUNCTION("""COMPUTED_VALUE"""),"De'Von Achane – MIA") -> De'Von Achane – MIA | M35: =IFERROR(VLOOKUP(L35,PlayerDB!$F$2:$G261,2,FALSE),"") -> 212 | P35: =IFERROR(__xludf.DUMMYFUNCTION("""COMPUTED_VALUE"""),"A.J. Brown – PHI") -> A.J. Brown – PHI | Q35: =IFERROR(VLOOKUP(P35,PlayerDB!$F$2:$G261,2,FALSE),"") -> 172.8
B36: 35 | C36: ='Teams & Draft Order'!$C$11 -> Big Boys Big Work | E36: =IFERROR(VLOOKUP($D36,PlayerDB!$F$2:$G261,2,FALSE),"") | F36: =IFERROR(VLOOKUP($D36,PlayerDB!$F$2:$H261,3,FALSE),"") | G36: =IFERROR(VLOOKUP($D36,PlayerDB!$F$2:$I261,4,FALSE),"") | I36: =IFERROR(__xludf.DUMMYFUNCTION("JOIN("" | "",'Team Stats'!C$7:H$7)"),"0 | 0 | 0 | 0 | 0 | 0") -> 0 | 0 | 0 | 0 | 0 | 0 | J36: =IFERROR(__xludf.DUMMYFUNCTION("JOIN("" | "",#REF!)"),"#REF!") -> #REF! | L36: =IFERROR(__xludf.DUMMYFUNCTION("""COMPUTED_VALUE"""),"Bucky Irving – TB") -> Bucky Irving – TB | M36: =IFERROR(VLOOKUP(L36,PlayerDB!$F$2:$G261,2,FALSE),"") -> 210 | P36: =IFERROR(__xludf.DUMMYFUNCTION("""COMPUTED_VALUE"""),"Tyreek Hill – MIA") -> Tyreek Hill – MIA | Q36: =IFERROR(VLOOKUP(P36,PlayerDB!$F$2:$G261,2,FALSE),"") -> 168.5
B37: 36 | C37: ='Teams & Draft Order'!$C$10 -> Buttheads | E37: =IFERROR(VLOOKUP($D37,PlayerDB!$F$2:$G261,2,FALSE),"") | F37: =IFERROR(VLOOKUP($D37,PlayerDB!$F$2:$H261,3,FALSE),"") | G37: =IFERROR(VLOOKUP($D37,PlayerDB!$F$2:$I261,4,FALSE),"") | I37: =IFERROR(__xludf.DUMMYFUNCTION("JOIN("" | "",'Team Stats'!C$6:H$6)"),"0 | 0 | 0 | 0 | 0 | 0") -> 0 | 0 | 0 | 0 | 0 | 0 | J37: =IFERROR(__xludf.DUMMYFUNCTION("JOIN("" | "",#REF!)"),"#REF!") -> #REF! | L37: =IFERROR(__xludf.DUMMYFUNCTION("""COMPUTED_VALUE"""),"James Cook – BUF") -> James Cook – BUF | M37: =IFERROR(VLOOKUP(L37,PlayerDB!$F$2:$G261,2,FALSE),"") -> 195 | P37: =IFERROR(__xludf.DUMMYFUNCTION("""COMPUTED_VALUE"""),"Drake London – ATL") -> Drake London – ATL | Q37: =IFERROR(VLOOKUP(P37,PlayerDB!$F$2:$G261,2,FALSE),"") -> 167.1
B38: 37 | C38: ='Teams & Draft Order'!$C$9 -> El Nino | E38: =IFERROR(VLOOKUP($D38,PlayerDB!$F$2:$G261,2,FALSE),"") | F38: =IFERROR(VLOOKUP($D38,PlayerDB!$F$2:$H261,3,FALSE),"") | G38: =IFERROR(VLOOKUP($D38,PlayerDB!$F$2:$I261,4,FALSE),"") | I38: =IFERROR(__xludf.DUMMYFUNCTION("JOIN("" | "",'Team Stats'!C$5:H$5)"),"0 | 0 | 0 | 0 | 0 | 0") -> 0 | 0 | 0 | 0 | 0 | 0 | J38: =IFERROR(__xludf.DUMMYFUNCTION("JOIN("" | "",#REF!)"),"#REF!") -> #REF! | L38: =IFERROR(__xludf.DUMMYFUNCTION("""COMPUTED_VALUE"""),"Chase Brown – CIN") -> Chase Brown – CIN | M38: =IFERROR(VLOOKUP(L38,PlayerDB!$F$2:$G261,2,FALSE),"") -> 186 | P38: =IFERROR(__xludf.DUMMYFUNCTION("""COMPUTED_VALUE"""),"Ladd McConkey – LAC") -> Ladd McConkey – LAC | Q38: =IFERROR(VLOOKUP(P38,PlayerDB!$F$2:$G261,2,FALSE),"") -> 165.4
B39: 38 | C39: ='Teams & Draft Order'!$C$8 -> Icelanders | E39: =IFERROR(VLOOKUP($D39,PlayerDB!$F$2:$G261,2,FALSE),"") | F39: =IFERROR(VLOOKUP($D39,PlayerDB!$F$2:$H261,3,FALSE),"") | G39: =IFERROR(VLOOKUP($D39,PlayerDB!$F$2:$I261,4,FALSE),"") | I39: =IFERROR(__xludf.DUMMYFUNCTION("JOIN("" | "",'Team Stats'!C$4:H$4)"),"0 | 0 | 0 | 0 | 0 | 0") -> 0 | 0 | 0 | 0 | 0 | 0 | J39: =IFERROR(__xludf.DUMMYFUNCTION("JOIN("" | "",#REF!)"),"#REF!") -> #REF! | L39: =IFERROR(__xludf.DUMMYFUNCTION("""COMPUTED_VALUE"""),"Omarion Hampton – LAC") -> Omarion Hampton – LAC | M39: =IFERROR(VLOOKUP(L39,PlayerDB!$F$2:$G261,2,FALSE),"") -> 177 | P39: =IFERROR(__xludf.DUMMYFUNCTION("""COMPUTED_VALUE"""),"Mike Evans – TB") -> Mike Evans – TB | Q39: =IFERROR(VLOOKUP(P39,PlayerDB!$F$2:$G261,2,FALSE),"") -> 164.5
B40: 39 | C40: ='Teams & Draft Order'!$C$7 -> Phantasm | E40: =IFERROR(VLOOKUP($D40,PlayerDB!$F$2:$G261,2,FALSE),"") | F40: =IFERROR(VLOOKUP($D40,PlayerDB!$F$2:$H261,3,FALSE),"") | G40: =IFERROR(VLOOKUP($D40,PlayerDB!$F$2:$I261,4,FALSE),"") | I40: =IFERROR(__xludf.DUMMYFUNCTION("JOIN("" | "",'Team Stats'!C$3:H$3)"),"0 | 0 | 0 | 0 | 0 | 0") -> 0 | 0 | 0 | 0 | 0 | 0 | J40: =IFERROR(__xludf.DUMMYFUNCTION("JOIN("" | "",'Team Stats'!I$11:K$11)"),"0 | 0 | 0") -> 0 | 0 | 0 | L40: =IFERROR(__xludf.DUMMYFUNCTION("""COMPUTED_VALUE"""),"Kenneth Walker III – SEA") -> Kenneth Walker III – SEA | M40: =IFERROR(VLOOKUP(L40,PlayerDB!$F$2:$G261,2,FALSE),"") -> 180 | P40: =IFERROR(__xludf.DUMMYFUNCTION("""COMPUTED_VALUE"""),"Tee Higgins – CIN") -> Tee Higgins – CIN | Q40: =IFERROR(VLOOKUP(P40,PlayerDB!$F$2:$G261,2,FALSE),"") -> 161.1
B41: 40 | C41: ='Teams & Draft Order'!$C$6 -> Sleeper Cell | E41: =IFERROR(VLOOKUP($D41,PlayerDB!$F$2:$G261,2,FALSE),"") | F41: =IFERROR(VLOOKUP($D41,PlayerDB!$F$2:$H261,3,FALSE),"") | G41: =IFERROR(VLOOKUP($D41,PlayerDB!$F$2:$I261,4,FALSE),"") | I41: =IFERROR(__xludf.DUMMYFUNCTION("JOIN("" | "",'Team Stats'!C$2:H$2)"),"1 | 0 | 0 | 0 | 0 | 0") -> 1 | 0 | 0 | 0 | 0 | 0 | J41: =IFERROR(__xludf.DUMMYFUNCTION("JOIN("" | "",'Team Stats'!I$10:K$10)"),"0 | 0 | 0") -> 0 | 0 | 0 | L41: =IFERROR(__xludf.DUMMYFUNCTION("""COMPUTED_VALUE"""),"Breece Hall – NYJ") -> Breece Hall – NYJ | M41: =IFERROR(VLOOKUP(L41,PlayerDB!$F$2:$G261,2,FALSE),"") -> 183 | P41: =IFERROR(__xludf.DUMMYFUNCTION("""COMPUTED_VALUE"""),"Terry McLaurin – WAS") -> Terry McLaurin – WAS | Q41: =IFERROR(VLOOKUP(P41,PlayerDB!$F$2:$G261,2,FALSE),"") -> 160.9
A42: Round 05 | B42: 41 | C42: ='Teams & Draft Order'!$C$6 -> Sleeper Cell | E42: =IFERROR(VLOOKUP($D42,PlayerDB!$F$2:$G261,2,FALSE),"") | F42: =IFERROR(VLOOKUP($D42,PlayerDB!$F$2:$H261,3,FALSE),"") | G42: =IFERROR(VLOOKUP($D42,PlayerDB!$F$2:$I261,4,FALSE),"") | I42: =IFERROR(__xludf.DUMMYFUNCTION("JOIN("" | "",'Team Stats'!C$2:H$2)"),"1 | 0 | 0 | 0 | 0 | 0") -> 1 | 0 | 0 | 0 | 0 | 0 | J42: =IFERROR(__xludf.DUMMYFUNCTION("JOIN("" | "",'Team Stats'!I$9:K$9)"),"0 | 0 | 0") -> 0 | 0 | 0 | L42: =IFERROR(__xludf.DUMMYFUNCTION("""COMPUTED_VALUE"""),"Chuba Hubbard – CAR") -> Chuba Hubbard – CAR | M42: =IFERROR(VLOOKUP(L42,PlayerDB!$F$2:$G261,2,FALSE),"") -> 176 | P42: =IFERROR(__xludf.DUMMYFUNCTION("""COMPUTED_VALUE"""),"Davante Adams – LAR") -> Davante Adams – LAR | Q42: =IFERROR(VLOOKUP(P42,PlayerDB!$F$2:$G261,2,FALSE),"") -> 159.2
B43: 42 | C43: ='Teams & Draft Order'!$C$7 -> Phantasm | E43: =IFERROR(VLOOKUP($D43,PlayerDB!$F$2:$G261,2,FALSE),"") | F43: =IFERROR(VLOOKUP($D43,PlayerDB!$F$2:$H261,3,FALSE),"") | G43: =IFERROR(VLOOKUP($D43,PlayerDB!$F$2:$I261,4,FALSE),"") | I43: =IFERROR(__xludf.DUMMYFUNCTION("JOIN("" | "",'Team Stats'!C$3:H$3)"),"0 | 0 | 0 | 0 | 0 | 0") -> 0 | 0 | 0 | 0 | 0 | 0 | J43: =IFERROR(__xludf.DUMMYFUNCTION("JOIN("" | "",'Team Stats'!I$8:K$8)"),"0 | 0 | 0") -> 0 | 0 | 0 | L43: =IFERROR(__xludf.DUMMYFUNCTION("""COMPUTED_VALUE"""),"James Conner – ARI") -> James Conner – ARI | M43: =IFERROR(VLOOKUP(L43,PlayerDB!$F$2:$G261,2,FALSE),"") -> 177 | P43: =IFERROR(__xludf.DUMMYFUNCTION("""COMPUTED_VALUE"""),"Marvin Harrison Jr. – ARI") -> Marvin Harrison Jr. – ARI | Q43: =IFERROR(VLOOKUP(P43,PlayerDB!$F$2:$G261,2,FALSE),"") -> 154.5
B44: 43 | C44: ='Teams & Draft Order'!$C$8 -> Icelanders | E44: =IFERROR(VLOOKUP($D44,PlayerDB!$F$2:$G261,2,FALSE),"") | F44: =IFERROR(VLOOKUP($D44,PlayerDB!$F$2:$H261,3,FALSE),"") | G44: =IFERROR(VLOOKUP($D44,PlayerDB!$F$2:$I261,4,FALSE),"") | I44: =IFERROR(__xludf.DUMMYFUNCTION("JOIN("" | "",'Team Stats'!C$4:H$4)"),"0 | 0 | 0 | 0 | 0 | 0") -> 0 | 0 | 0 | 0 | 0 | 0 | J44: =IFERROR(__xludf.DUMMYFUNCTION("JOIN("" | "",'Team Stats'!I$7:K$7)"),"0 | 0 | 0") -> 0 | 0 | 0 | L44: =IFERROR(__xludf.DUMMYFUNCTION("""COMPUTED_VALUE"""),"Alvin Kamara – NO") -> Alvin Kamara – NO | M44: =IFERROR(VLOOKUP(L44,PlayerDB!$F$2:$G261,2,FALSE),"") -> 174 | P44: =IFERROR(__xludf.DUMMYFUNCTION("""COMPUTED_VALUE"""),"DK Metcalf – PIT") -> DK Metcalf – PIT | Q44: =IFERROR(VLOOKUP(P44,PlayerDB!$F$2:$G261,2,FALSE),"") -> 151.9
B45: 44 | C45: ='Teams & Draft Order'!$C$9 -> El Nino | E45: =IFERROR(VLOOKUP($D45,PlayerDB!$F$2:$G261,2,FALSE),"") | F45: =IFERROR(VLOOKUP($D45,PlayerDB!$F$2:$H261,3,FALSE),"") | G45: =IFERROR(VLOOKUP($D45,PlayerDB!$F$2:$I261,4,FALSE),"") | I45: =IFERROR(__xludf.DUMMYFUNCTION("JOIN("" | "",'Team Stats'!C$5:H$5)"),"0 | 0 | 0 | 0 | 0 | 0") -> 0 | 0 | 0 | 0 | 0 | 0 | J45: =IFERROR(__xludf.DUMMYFUNCTION("JOIN("" | "",'Team Stats'!I$6:K$6)"),"0 | 0 | 0") -> 0 | 0 | 0 | L45: =IFERROR(__xludf.DUMMYFUNCTION("""COMPUTED_VALUE"""),"David Montgomery – DET") -> David Montgomery – DET | M45: =IFERROR(VLOOKUP(L45,PlayerDB!$F$2:$G261,2,FALSE),"") -> 159 | P45: =IFERROR(__xludf.DUMMYFUNCTION("""COMPUTED_VALUE"""),"Jaxon Smith-Njigba – SEA") -> Jaxon Smith-Njigba – SEA | Q45: =IFERROR(VLOOKUP(P45,PlayerDB!$F$2:$G261,2,FALSE),"") -> 151.5
B46: 45 | C46: ='Teams & Draft Order'!$C$10 -> Buttheads | E46: =IFERROR(VLOOKUP($D46,PlayerDB!$F$2:$G261,2,FALSE),"") | F46: =IFERROR(VLOOKUP($D46,PlayerDB!$F$2:$H261,3,FALSE),"") | G46: =IFERROR(VLOOKUP($D46,PlayerDB!$F$2:$I261,4,FALSE),"") | I46: =IFERROR(__xludf.DUMMYFUNCTION("JOIN("" | "",'Team Stats'!C$6:H$6)"),"0 | 0 | 0 | 0 | 0 | 0") -> 0 | 0 | 0 | 0 | 0 | 0 | J46: =IFERROR(__xludf.DUMMYFUNCTION("JOIN("" | "",'Team Stats'!I$5:K$5)"),"0 | 0 | 0") -> 0 | 0 | 0 | L46: =IFERROR(__xludf.DUMMYFUNCTION("""COMPUTED_VALUE"""),"Isiah Pacheco – KC") -> Isiah Pacheco – KC | M46: =IFERROR(VLOOKUP(L46,PlayerDB!$F$2:$G261,2,FALSE),"") -> 146 | P46: =IFERROR(__xludf.DUMMYFUNCTION("""COMPUTED_VALUE"""),"Zay Flowers – BAL") -> Zay Flowers – BAL | Q46: =IFERROR(VLOOKUP(P46,PlayerDB!$F$2:$G261,2,FALSE),"") -> 145.2
B47: 46 | C47: ='Teams & Draft Order'!$C$11 -> Big Boys Big Work | E47: =IFERROR(VLOOKUP($D47,PlayerDB!$F$2:$G261,2,FALSE),"") | F47: =IFERROR(VLOOKUP($D47,PlayerDB!$F$2:$H261,3,FALSE),"") | G47: =IFERROR(VLOOKUP($D47,PlayerDB!$F$2:$I261,4,FALSE),"") | I47: =IFERROR(__xludf.DUMMYFUNCTION("JOIN("" | "",'Team Stats'!C$7:H$7)"),"0 | 0 | 0 | 0 | 0 | 0") -> 0 | 0 | 0 | 0 | 0 | 0 | J47: =IFERROR(__xludf.DUMMYFUNCTION("JOIN("" | "",'Team Stats'!I$4:K$4)"),"0 | 0 | 0") -> 0 | 0 | 0
B48: 47 | C48: ='Teams & Draft Order'!$C$12 -> Turbo-Ginz | E48: =IFERROR(VLOOKUP($D48,PlayerDB!$F$2:$G261,2,FALSE),"") | F48: =IFERROR(VLOOKUP($D48,PlayerDB!$F$2:$H261,3,FALSE),"") | G48: =IFERROR(VLOOKUP($D48,PlayerDB!$F$2:$I261,4,FALSE),"") | I48: =IFERROR(__xludf.DUMMYFUNCTION("JOIN("" | "",'Team Stats'!C$8:H$8)"),"0 | 0 | 0 | 0 | 0 | 0") -> 0 | 0 | 0 | 0 | 0 | 0 | J48: =IFERROR(__xludf.DUMMYFUNCTION("JOIN("" | "",'Team Stats'!I$3:K$3)"),"0 | 0 | 0") -> 0 | 0 | 0
B49: 48 | C49: ='Teams & Draft Order'!$C$13 -> Luddite | E49: =IFERROR(VLOOKUP($D49,PlayerDB!$F$2:$G261,2,FALSE),"") | F49: =IFERROR(VLOOKUP($D49,PlayerDB!$F$2:$H261,3,FALSE),"") | G49: =IFERROR(VLOOKUP($D49,PlayerDB!$F$2:$I261,4,FALSE),"") | I49: =IFERROR(__xludf.DUMMYFUNCTION("JOIN("" | "",'Team Stats'!C$9:H$9)"),"0 | 0 | 0 | 0 | 0 | 0") -> 0 | 0 | 0 | 0 | 0 | 0 | J49: =IFERROR(__xludf.DUMMYFUNCTION("JOIN("" | "",'Team Stats'!I$2:K$2)"),"0 | 0 | 0") -> 0 | 0 | 0
B50: 49 | C50: ='Teams & Draft Order'!$C$14 -> Achaians | E50: =IFERROR(VLOOKUP($D50,PlayerDB!$F$2:$G261,2,FALSE),"") | F50: =IFERROR(VLOOKUP($D50,PlayerDB!$F$2:$H261,3,FALSE),"") | G50: =IFERROR(VLOOKUP($D50,PlayerDB!$F$2:$I261,4,FALSE),"") | I50: =IFERROR(__xludf.DUMMYFUNCTION("JOIN("" | "",'Team Stats'!C$10:H$10)"),"0 | 0 | 0 | 0 | 0 | 0") -> 0 | 0 | 0 | 0 | 0 | 0 | J50: =IFERROR(__xludf.DUMMYFUNCTION("JOIN("" | "",'Team Stats'!I$2:K$2)"),"0 | 0 | 0") -> 0 | 0 | 0 | L50: TE | M50: =COUNTIF(F:F,"TE") -> 0 | P50: K | Q50: =COUNTIF(F:F,"K") -> 0
B51: 50 | C51: ='Teams & Draft Order'!$C$15 -> Daddy's Dogs | E51: =IFERROR(VLOOKUP($D51,PlayerDB!$F$2:$G261,2,FALSE),"") | F51: =IFERROR(VLOOKUP($D51,PlayerDB!$F$2:$H261,3,FALSE),"") | G51: =IFERROR(VLOOKUP($D51,PlayerDB!$F$2:$I261,4,FALSE),"") | I51: =IFERROR(__xludf.DUMMYFUNCTION("JOIN("" | "",'Team Stats'!C$11:H$11)"),"0 | 0 | 0 | 0 | 0 | 0") -> 0 | 0 | 0 | 0 | 0 | 0 | J51: =IFERROR(__xludf.DUMMYFUNCTION("JOIN("" | "",'Team Stats'!I$3:K$3)"),"0 | 0 | 0") -> 0 | 0 | 0 | L51: =IFERROR(__xludf.DUMMYFUNCTION("QUERY(HELP_PlayersLeft!A2:B261, ""select A where B ='TE' LIMIT 20"")"),"Brock Bowers – LV") -> Brock Bowers – LV | M51: =IFERROR(VLOOKUP(L51,PlayerDB!$F$2:$G261,2,FALSE),"") -> 149.7 | P51: =IFERROR(__xludf.DUMMYFUNCTION("QUERY(HELP_PlayersLeft!A2:B261, ""select A where B ='K' LIMIT 20"")"),"Brandon Aubrey – DAL") -> Brandon Aubrey – DAL | Q51: =IFERROR(VLOOKUP(P51,PlayerDB!$F$2:$G261,2,FALSE),"") -> 140
A52: Round 06 | B52: 51 | C52: ='Teams & Draft Order'!$C$15 -> Daddy's Dogs | E52: =IFERROR(VLOOKUP($D52,PlayerDB!$F$2:$G261,2,FALSE),"") | F52: =IFERROR(VLOOKUP($D52,PlayerDB!$F$2:$H261,3,FALSE),"") | G52: =IFERROR(VLOOKUP($D52,PlayerDB!$F$2:$I261,4,FALSE),"") | I52: =IFERROR(__xludf.DUMMYFUNCTION("JOIN("" | "",'Team Stats'!C$11:H$11)"),"0 | 0 | 0 | 0 | 0 | 0") -> 0 | 0 | 0 | 0 | 0 | 0 | J52: =IFERROR(__xludf.DUMMYFUNCTION("JOIN("" | "",'Team Stats'!I$4:K$4)"),"0 | 0 | 0") -> 0 | 0 | 0 | L52: =IFERROR(__xludf.DUMMYFUNCTION("""COMPUTED_VALUE"""),"George Kittle – SF") -> George Kittle – SF | M52: =IFERROR(VLOOKUP(L52,PlayerDB!$F$2:$G261,2,FALSE),"") -> 147.6 | P52: =IFERROR(__xludf.DUMMYFUNCTION("""COMPUTED_VALUE"""),"Chase McLaughlin – TB") -> Chase McLaughlin – TB | Q52: =IFERROR(VLOOKUP(P52,PlayerDB!$F$2:$G261,2,FALSE),"") -> 136
B53: 52 | C53: ='Teams & Draft Order'!$C$14 -> Achaians | E53: =IFERROR(VLOOKUP($D53,PlayerDB!$F$2:$G261,2,FALSE),"") | F53: =IFERROR(VLOOKUP($D53,PlayerDB!$F$2:$H261,3,FALSE),"") | G53: =IFERROR(VLOOKUP($D53,PlayerDB!$F$2:$I261,4,FALSE),"") | I53: =IFERROR(__xludf.DUMMYFUNCTION("JOIN("" | "",'Team Stats'!C$10:H$10)"),"0 | 0 | 0 | 0 | 0 | 0") -> 0 | 0 | 0 | 0 | 0 | 0 | J53: =IFERROR(__xludf.DUMMYFUNCTION("JOIN("" | "",'Team Stats'!I$5:K$5)"),"0 | 0 | 0") -> 0 | 0 | 0 | L53: =IFERROR(__xludf.DUMMYFUNCTION("""COMPUTED_VALUE"""),"Trey McBride – ARI") -> Trey McBride – ARI | M53: =IFERROR(VLOOKUP(L53,PlayerDB!$F$2:$G261,2,FALSE),"") -> 139.4 | P53: =IFERROR(__xludf.DUMMYFUNCTION("""COMPUTED_VALUE"""),"Cameron Dicker – LAC") -> Cameron Dicker – LAC | Q53: =IFERROR(VLOOKUP(P53,PlayerDB!$F$2:$G261,2,FALSE),"") -> 135
B54: 53 | C54: ='Teams & Draft Order'!$C$13 -> Luddite | E54: =IFERROR(VLOOKUP($D54,PlayerDB!$F$2:$G261,2,FALSE),"") | F54: =IFERROR(VLOOKUP($D54,PlayerDB!$F$2:$H261,3,FALSE),"") | G54: =IFERROR(VLOOKUP($D54,PlayerDB!$F$2:$I261,4,FALSE),"") | I54: =IFERROR(__xludf.DUMMYFUNCTION("JOIN("" | "",'Team Stats'!C$9:H$9)"),"0 | 0 | 0 | 0 | 0 | 0") -> 0 | 0 | 0 | 0 | 0 | 0 | J54: =IFERROR(__xludf.DUMMYFUNCTION("JOIN("" | "",'Team Stats'!I$6:K$6)"),"0 | 0 | 0") -> 0 | 0 | 0 | L54: =IFERROR(__xludf.DUMMYFUNCTION("""COMPUTED_VALUE"""),"Mark Andrews – BAL") -> Mark Andrews – BAL | M54: =IFERROR(VLOOKUP(L54,PlayerDB!$F$2:$G261,2,FALSE),"") -> 117.3 | P54: =IFERROR(__xludf.DUMMYFUNCTION("""COMPUTED_VALUE"""),"Jake Elliott – PHI") -> Jake Elliott – PHI | Q54: =IFERROR(VLOOKUP(P54,PlayerDB!$F$2:$G261,2,FALSE),"") -> 134
B55: 54 | C55: ='Teams & Draft Order'!$C$12 -> Turbo-Ginz | E55: =IFERROR(VLOOKUP($D55,PlayerDB!$F$2:$G261,2,FALSE),"") | F55: =IFERROR(VLOOKUP($D55,PlayerDB!$F$2:$H261,3,FALSE),"") | G55: =IFERROR(VLOOKUP($D55,PlayerDB!$F$2:$I261,4,FALSE),"") | I55: =IFERROR(__xludf.DUMMYFUNCTION("JOIN("" | "",'Team Stats'!C$8:H$8)"),"0 | 0 | 0 | 0 | 0 | 0") -> 0 | 0 | 0 | 0 | 0 | 0 | J55: =IFERROR(__xludf.DUMMYFUNCTION("JOIN("" | "",'Team Stats'!I$7:K$7)"),"0 | 0 | 0") -> 0 | 0 | 0 | L55: =IFERROR(__xludf.DUMMYFUNCTION("""COMPUTED_VALUE"""),"Sam LaPorta – DET") -> Sam LaPorta – DET | M55: =IFERROR(VLOOKUP(L55,PlayerDB!$F$2:$G261,2,FALSE),"") -> 115.6 | P55: =IFERROR(__xludf.DUMMYFUNCTION("""COMPUTED_VALUE"""),"Matt Gay – WAS") -> Matt Gay – WAS | Q55: =IFERROR(VLOOKUP(P55,PlayerDB!$F$2:$G261,2,FALSE),"") -> 134
B56: 55 | C56: ='Teams & Draft Order'!$C$11 -> Big Boys Big Work | E56: =IFERROR(VLOOKUP($D56,PlayerDB!$F$2:$G261,2,FALSE),"") | F56: =IFERROR(VLOOKUP($D56,PlayerDB!$F$2:$H261,3,FALSE),"") | G56: =IFERROR(VLOOKUP($D56,PlayerDB!$F$2:$I261,4,FALSE),"") | I56: =IFERROR(__xludf.DUMMYFUNCTION("JOIN("" | "",'Team Stats'!C$7:H$7)"),"0 | 0 | 0 | 0 | 0 | 0") -> 0 | 0 | 0 | 0 | 0 | 0 | J56: =IFERROR(__xludf.DUMMYFUNCTION("JOIN("" | "",'Team Stats'!I$8:K$8)"),"0 | 0 | 0") -> 0 | 0 | 0 | L56: =IFERROR(__xludf.DUMMYFUNCTION("""COMPUTED_VALUE"""),"T.J. Hockenson – MIN") -> T.J. Hockenson – MIN | M56: =IFERROR(VLOOKUP(L56,PlayerDB!$F$2:$G261,2,FALSE),"") -> 106.5 | P56: =IFERROR(__xludf.DUMMYFUNCTION("""COMPUTED_VALUE"""),"Jake Bates – DET") -> Jake Bates – DET | Q56: =IFERROR(VLOOKUP(P56,PlayerDB!$F$2:$G261,2,FALSE),"") -> 132
B57: 56 | C57: ='Teams & Draft Order'!$C$10 -> Buttheads | E57: =IFERROR(VLOOKUP($D57,PlayerDB!$F$2:$G261,2,FALSE),"") | F57: =IFERROR(VLOOKUP($D57,PlayerDB!$F$2:$H261,3,FALSE),"") | G57: =IFERROR(VLOOKUP($D57,PlayerDB!$F$2:$I261,4,FALSE),"") | I57: =IFERROR(__xludf.DUMMYFUNCTION("JOIN("" | "",'Team Stats'!C$6:H$6)"),"0 | 0 | 0 | 0 | 0 | 0") -> 0 | 0 | 0 | 0 | 0 | 0 | J57: =IFERROR(__xludf.DUMMYFUNCTION("JOIN("" | "",'Team Stats'!I$9:K$9)"),"0 | 0 | 0") -> 0 | 0 | 0 | L57: =IFERROR(__xludf.DUMMYFUNCTION("""COMPUTED_VALUE"""),"Travis Kelce – KC") -> Travis Kelce – KC | M57: =IFERROR(VLOOKUP(L57,PlayerDB!$F$2:$G261,2,FALSE),"") -> 105.9 | P57: =IFERROR(__xludf.DUMMYFUNCTION("""COMPUTED_VALUE"""),"Chris Boswell – PIT") -> Chris Boswell – PIT | Q57: =IFERROR(VLOOKUP(P57,PlayerDB!$F$2:$G261,2,FALSE),"") -> 132
B58: 57 | C58: ='Teams & Draft Order'!$C$9 -> El Nino | E58: =IFERROR(VLOOKUP($D58,PlayerDB!$F$2:$G261,2,FALSE),"") | F58: =IFERROR(VLOOKUP($D58,PlayerDB!$F$2:$H261,3,FALSE),"") | G58: =IFERROR(VLOOKUP($D58,PlayerDB!$F$2:$I261,4,FALSE),"") | I58: =IFERROR(__xludf.DUMMYFUNCTION("JOIN("" | "",'Team Stats'!C$5:H$5)"),"0 | 0 | 0 | 0 | 0 | 0") -> 0 | 0 | 0 | 0 | 0 | 0 | J58: =IFERROR(__xludf.DUMMYFUNCTION("JOIN("" | "",'Team Stats'!I$10:K$10)"),"0 | 0 | 0") -> 0 | 0 | 0 | L58: =IFERROR(__xludf.DUMMYFUNCTION("""COMPUTED_VALUE"""),"David Njoku – CLE") -> David Njoku – CLE | M58: =IFERROR(VLOOKUP(L58,PlayerDB!$F$2:$G261,2,FALSE),"") -> 101.1 | P58: =IFERROR(__xludf.DUMMYFUNCTION("""COMPUTED_VALUE"""),"Tyler Loop – BAL") -> Tyler Loop – BAL | Q58: =IFERROR(VLOOKUP(P58,PlayerDB!$F$2:$G261,2,FALSE),"") -> 130
B59: 58 | C59: ='Teams & Draft Order'!$C$8 -> Icelanders | E59: =IFERROR(VLOOKUP($D59,PlayerDB!$F$2:$G261,2,FALSE),"") | F59: =IFERROR(VLOOKUP($D59,PlayerDB!$F$2:$H261,3,FALSE),"") | G59: =IFERROR(VLOOKUP($D59,PlayerDB!$F$2:$I261,4,FALSE),"") | I59: =IFERROR(__xludf.DUMMYFUNCTION("JOIN("" | "",'Team Stats'!C$4:H$4)"),"0 | 0 | 0 | 0 | 0 | 0") -> 0 | 0 | 0 | 0 | 0 | 0 | J59: =IFERROR(__xludf.DUMMYFUNCTION("JOIN("" | "",'Team Stats'!I$11:K$11)"),"0 | 0 | 0") -> 0 | 0 | 0 | L59: =IFERROR(__xludf.DUMMYFUNCTION("""COMPUTED_VALUE"""),"Tucker Kraft – GB") -> Tucker Kraft – GB | M59: =IFERROR(VLOOKUP(L59,PlayerDB!$F$2:$G261,2,FALSE),"") -> 92.6 | P59: =IFERROR(__xludf.DUMMYFUNCTION("""COMPUTED_VALUE"""),"Daniel Carlson – LV") -> Daniel Carlson – LV | Q59: =IFERROR(VLOOKUP(P59,PlayerDB!$F$2:$G261,2,FALSE),"") -> 129
B60: 59 | C60: ='Teams & Draft Order'!$C$7 -> Phantasm | E60: =IFERROR(VLOOKUP($D60,PlayerDB!$F$2:$G261,2,FALSE),"") | F60: =IFERROR(VLOOKUP($D60,PlayerDB!$F$2:$H261,3,FALSE),"") | G60: =IFERROR(VLOOKUP($D60,PlayerDB!$F$2:$I261,4,FALSE),"") | I60: =IFERROR(__xludf.DUMMYFUNCTION("JOIN("" | "",'Team Stats'!C$3:H$3)"),"0 | 0 | 0 | 0 | 0 | 0") -> 0 | 0 | 0 | 0 | 0 | 0 | J60: =IFERROR(__xludf.DUMMYFUNCTION("JOIN("" | "",#REF!)"),"#REF!") -> #REF! | L60: =IFERROR(__xludf.DUMMYFUNCTION("""COMPUTED_VALUE"""),"Tyler Warren – IND") -> Tyler Warren – IND | M60: =IFERROR(VLOOKUP(L60,PlayerDB!$F$2:$G261,2,FALSE),"") -> 88.7 | P60: =IFERROR(__xludf.DUMMYFUNCTION("""COMPUTED_VALUE"""),"Ka’imi Fairbairn – HOU") -> Ka’imi Fairbairn – HOU | Q60: =IFERROR(VLOOKUP(P60,PlayerDB!$F$2:$G261,2,FALSE),"") -> 128
B61: 60 | C61: ='Teams & Draft Order'!$C$6 -> Sleeper Cell | E61: =IFERROR(VLOOKUP($D61,PlayerDB!$F$2:$G261,2,FALSE),"") | F61: =IFERROR(VLOOKUP($D61,PlayerDB!$F$2:$H261,3,FALSE),"") | G61: =IFERROR(VLOOKUP($D61,PlayerDB!$F$2:$I261,4,FALSE),"") | I61: =IFERROR(__xludf.DUMMYFUNCTION("JOIN("" | "",'Team Stats'!C$2:H$2)"),"1 | 0 | 0 | 0 | 0 | 0") -> 1 | 0 | 0 | 0 | 0 | 0 | J61: =IFERROR(__xludf.DUMMYFUNCTION("JOIN("" | "",#REF!)"),"#REF!") -> #REF! | L61: =IFERROR(__xludf.DUMMYFUNCTION("""COMPUTED_VALUE"""),"Dallas Goedert – PHI") -> Dallas Goedert – PHI | M61: =IFERROR(VLOOKUP(L61,PlayerDB!$F$2:$G261,2,FALSE),"") -> 85.8 | P61: =IFERROR(__xludf.DUMMYFUNCTION("""COMPUTED_VALUE"""),"Evan McPherson – CIN") -> Evan McPherson – CIN | Q61: =IFERROR(VLOOKUP(P61,PlayerDB!$F$2:$G261,2,FALSE),"") -> 127
A62: Round 07 | B62: 61 | C62: ='Teams & Draft Order'!$C$6 -> Sleeper Cell | E62: =IFERROR(VLOOKUP($D62,PlayerDB!$F$2:$G261,2,FALSE),"") | F62: =IFERROR(VLOOKUP($D62,PlayerDB!$F$2:$H261,3,FALSE),"") | G62: =IFERROR(VLOOKUP($D62,PlayerDB!$F$2:$I261,4,FALSE),"") | I62: =IFERROR(__xludf.DUMMYFUNCTION("JOIN("" | "",'Team Stats'!C$2:H$2)"),"1 | 0 | 0 | 0 | 0 | 0") -> 1 | 0 | 0 | 0 | 0 | 0 | J62: =IFERROR(__xludf.DUMMYFUNCTION("JOIN("" | "",#REF!)"),"#REF!") -> #REF! | L62: =IFERROR(__xludf.DUMMYFUNCTION("""COMPUTED_VALUE"""),"Zach Ertz – WAS") -> Zach Ertz – WAS | M62: =IFERROR(VLOOKUP(L62,PlayerDB!$F$2:$G261,2,FALSE),"") -> 84.2 | P62: =IFERROR(__xludf.DUMMYFUNCTION("""COMPUTED_VALUE"""),"Tyler Bass – BUF") -> Tyler Bass – BUF | Q62: =IFERROR(VLOOKUP(P62,PlayerDB!$F$2:$G261,2,FALSE),"") -> 126
B63: 62 | C63: ='Teams & Draft Order'!$C$7 -> Phantasm | E63: =IFERROR(VLOOKUP($D63,PlayerDB!$F$2:$G261,2,FALSE),"") | F63: =IFERROR(VLOOKUP($D63,PlayerDB!$F$2:$H261,3,FALSE),"") | G63: =IFERROR(VLOOKUP($D63,PlayerDB!$F$2:$I261,4,FALSE),"") | I63: =IFERROR(__xludf.DUMMYFUNCTION("JOIN("" | "",'Team Stats'!C$3:H$3)"),"0 | 0 | 0 | 0 | 0 | 0") -> 0 | 0 | 0 | 0 | 0 | 0 | J63: =IFERROR(__xludf.DUMMYFUNCTION("JOIN("" | "",#REF!)"),"#REF!") -> #REF! | L63: =IFERROR(__xludf.DUMMYFUNCTION("""COMPUTED_VALUE"""),"Dalton Kincaid – BUF") -> Dalton Kincaid – BUF | M63: =IFERROR(VLOOKUP(L63,PlayerDB!$F$2:$G261,2,FALSE),"") -> 83.6 | P63: =IFERROR(__xludf.DUMMYFUNCTION("""COMPUTED_VALUE"""),"Wil Lutz – DEN") -> Wil Lutz – DEN | Q63: =IFERROR(VLOOKUP(P63,PlayerDB!$F$2:$G261,2,FALSE),"") -> 126
B64: 63 | C64: ='Teams & Draft Order'!$C$8 -> Icelanders | E64: =IFERROR(VLOOKUP($D64,PlayerDB!$F$2:$G261,2,FALSE),"") | F64: =IFERROR(VLOOKUP($D64,PlayerDB!$F$2:$H261,3,FALSE),"") | G64: =IFERROR(VLOOKUP($D64,PlayerDB!$F$2:$I261,4,FALSE),"") | I64: =IFERROR(__xludf.DUMMYFUNCTION("JOIN("" | "",'Team Stats'!C$4:H$4)"),"0 | 0 | 0 | 0 | 0 | 0") -> 0 | 0 | 0 | 0 | 0 | 0 | J64: =IFERROR(__xludf.DUMMYFUNCTION("JOIN("" | "",'Team Stats'!I$11:K$11)"),"0 | 0 | 0") -> 0 | 0 | 0 | L64: =IFERROR(__xludf.DUMMYFUNCTION("""COMPUTED_VALUE"""),"Evan Engram – DEN") -> Evan Engram – DEN | M64: =IFERROR(VLOOKUP(L64,PlayerDB!$F$2:$G261,2,FALSE),"") -> 83.4 | P64: =IFERROR(__xludf.DUMMYFUNCTION("""COMPUTED_VALUE"""),"Jason Sanders – MIA") -> Jason Sanders – MIA | Q64: =IFERROR(VLOOKUP(P64,PlayerDB!$F$2:$G261,2,FALSE),"") -> 125
B65: 64 | C65: ='Teams & Draft Order'!$C$9 -> El Nino | E65: =IFERROR(VLOOKUP($D65,PlayerDB!$F$2:$G261,2,FALSE),"") | F65: =IFERROR(VLOOKUP($D65,PlayerDB!$F$2:$H261,3,FALSE),"") | G65: =IFERROR(VLOOKUP($D65,PlayerDB!$F$2:$I261,4,FALSE),"") | I65: =IFERROR(__xludf.DUMMYFUNCTION("JOIN("" | "",'Team Stats'!C$5:H$5)"),"0 | 0 | 0 | 0 | 0 | 0") -> 0 | 0 | 0 | 0 | 0 | 0 | J65: =IFERROR(__xludf.DUMMYFUNCTION("JOIN("" | "",'Team Stats'!I$10:K$10)"),"0 | 0 | 0") -> 0 | 0 | 0 | L65: =IFERROR(__xludf.DUMMYFUNCTION("""COMPUTED_VALUE"""),"Kyle Pitts – ATL") -> Kyle Pitts – ATL | M65: =IFERROR(VLOOKUP(L65,PlayerDB!$F$2:$G261,2,FALSE),"") -> 83.2 | P65: =IFERROR(__xludf.DUMMYFUNCTION("""COMPUTED_VALUE"""),"Jake Moody – SF") -> Jake Moody – SF | Q65: =IFERROR(VLOOKUP(P65,PlayerDB!$F$2:$G261,2,FALSE),"") -> 125
B66: 65 | C66: ='Teams & Draft Order'!$C$10 -> Buttheads | E66: =IFERROR(VLOOKUP($D66,PlayerDB!$F$2:$G261,2,FALSE),"") | F66: =IFERROR(VLOOKUP($D66,PlayerDB!$F$2:$H261,3,FALSE),"") | G66: =IFERROR(VLOOKUP($D66,PlayerDB!$F$2:$I261,4,FALSE),"") | I66: =IFERROR(__xludf.DUMMYFUNCTION("JOIN("" | "",'Team Stats'!C$6:H$6)"),"0 | 0 | 0 | 0 | 0 | 0") -> 0 | 0 | 0 | 0 | 0 | 0 | J66: =IFERROR(__xludf.DUMMYFUNCTION("JOIN("" | "",'Team Stats'!I$9:K$9)"),"0 | 0 | 0") -> 0 | 0 | 0 | L66: =IFERROR(__xludf.DUMMYFUNCTION("""COMPUTED_VALUE"""),"Jake Ferguson – DAL") -> Jake Ferguson – DAL | M66: =IFERROR(VLOOKUP(L66,PlayerDB!$F$2:$G261,2,FALSE),"") -> 82.5 | P66: =IFERROR(__xludf.DUMMYFUNCTION("""COMPUTED_VALUE"""),"Brandon McManus – GB") -> Brandon McManus – GB | Q66: =IFERROR(VLOOKUP(P66,PlayerDB!$F$2:$G261,2,FALSE),"") -> 123
B67: 66 | C67: ='Teams & Draft Order'!$C$11 -> Big Boys Big Work | E67: =IFERROR(VLOOKUP($D67,PlayerDB!$F$2:$G261,2,FALSE),"") | F67: =IFERROR(VLOOKUP($D67,PlayerDB!$F$2:$H261,3,FALSE),"") | G67: =IFERROR(VLOOKUP($D67,PlayerDB!$F$2:$I261,4,FALSE),"") | I67: =IFERROR(__xludf.DUMMYFUNCTION("JOIN("" | "",'Team Stats'!C$7:H$7)"),"0 | 0 | 0 | 0 | 0 | 0") -> 0 | 0 | 0 | 0 | 0 | 0 | J67: =IFERROR(__xludf.DUMMYFUNCTION("JOIN("" | "",'Team Stats'!I$8:K$8)"),"0 | 0 | 0") -> 0 | 0 | 0 | L67: =IFERROR(__xludf.DUMMYFUNCTION("""COMPUTED_VALUE"""),"Hunter Henry – NE") -> Hunter Henry – NE | M67: =IFERROR(VLOOKUP(L67,PlayerDB!$F$2:$G261,2,FALSE),"") -> 78.5 | P67: =IFERROR(__xludf.DUMMYFUNCTION("""COMPUTED_VALUE"""),"Younghoe Koo – ATL") -> Younghoe Koo – ATL | Q67: =IFERROR(VLOOKUP(P67,PlayerDB!$F$2:$G261,2,FALSE),"") -> 122
B68: 67 | C68: ='Teams & Draft Order'!$C$12 -> Turbo-Ginz | E68: =IFERROR(VLOOKUP($D68,PlayerDB!$F$2:$G261,2,FALSE),"") | F68: =IFERROR(VLOOKUP($D68,PlayerDB!$F$2:$H261,3,FALSE),"") | G68: =IFERROR(VLOOKUP($D68,PlayerDB!$F$2:$I261,4,FALSE),"") | I68: =IFERROR(__xludf.DUMMYFUNCTION("JOIN("" | "",'Team Stats'!C$8:H$8)"),"0 | 0 | 0 | 0 | 0 | 0") -> 0 | 0 | 0 | 0 | 0 | 0 | J68: =IFERROR(__xludf.DUMMYFUNCTION("JOIN("" | "",'Team Stats'!I$7:K$7)"),"0 | 0 | 0") -> 0 | 0 | 0 | L68: =IFERROR(__xludf.DUMMYFUNCTION("""COMPUTED_VALUE"""),"Darren Waller – MIA") -> Darren Waller – MIA | M68: =IFERROR(VLOOKUP(L68,PlayerDB!$F$2:$G261,2,FALSE),"") -> 77.9 | P68: =IFERROR(__xludf.DUMMYFUNCTION("""COMPUTED_VALUE"""),"Harrison Butker – KC") -> Harrison Butker – KC | Q68: =IFERROR(VLOOKUP(P68,PlayerDB!$F$2:$G261,2,FALSE),"") -> 122
B69: 68 | C69: ='Teams & Draft Order'!$C$13 -> Luddite | E69: =IFERROR(VLOOKUP($D69,PlayerDB!$F$2:$G261,2,FALSE),"") | F69: =IFERROR(VLOOKUP($D69,PlayerDB!$F$2:$H261,3,FALSE),"") | G69: =IFERROR(VLOOKUP($D69,PlayerDB!$F$2:$I261,4,FALSE),"") | I69: =IFERROR(__xludf.DUMMYFUNCTION("JOIN("" | "",'Team Stats'!C$9:H$9)"),"0 | 0 | 0 | 0 | 0 | 0") -> 0 | 0 | 0 | 0 | 0 | 0 | J69: =IFERROR(__xludf.DUMMYFUNCTION("JOIN("" | "",'Team Stats'!I$6:K$6)"),"0 | 0 | 0") -> 0 | 0 | 0 | L69: =IFERROR(__xludf.DUMMYFUNCTION("""COMPUTED_VALUE"""),"Isaiah Likely – BAL") -> Isaiah Likely – BAL | M69: =IFERROR(VLOOKUP(L69,PlayerDB!$F$2:$G261,2,FALSE),"") -> 77 | P69: =IFERROR(__xludf.DUMMYFUNCTION("""COMPUTED_VALUE"""),"Jason Myers – SEA") -> Jason Myers – SEA | Q69: =IFERROR(VLOOKUP(P69,PlayerDB!$F$2:$G261,2,FALSE),"") -> 121
B70: 69 | C70: ='Teams & Draft Order'!$C$14 -> Achaians | E70: =IFERROR(VLOOKUP($D70,PlayerDB!$F$2:$G261,2,FALSE),"") | F70: =IFERROR(VLOOKUP($D70,PlayerDB!$F$2:$H261,3,FALSE),"") | G70: =IFERROR(VLOOKUP($D70,PlayerDB!$F$2:$I261,4,FALSE),"") | I70: =IFERROR(__xludf.DUMMYFUNCTION("JOIN("" | "",'Team Stats'!C$10:H$10)"),"0 | 0 | 0 | 0 | 0 | 0") -> 0 | 0 | 0 | 0 | 0 | 0 | J70: =IFERROR(__xludf.DUMMYFUNCTION("JOIN("" | "",'Team Stats'!I$5:K$5)"),"0 | 0 | 0") -> 0 | 0 | 0 | L70: =IFERROR(__xludf.DUMMYFUNCTION("""COMPUTED_VALUE"""),"Colston Loveland – CHI") -> Colston Loveland – CHI | M70: =IFERROR(VLOOKUP(L70,PlayerDB!$F$2:$G261,2,FALSE),"") -> 76.5 | P70: =IFERROR(__xludf.DUMMYFUNCTION("""COMPUTED_VALUE"""),"Joshua Karty – LAR") -> Joshua Karty – LAR | Q70: =IFERROR(VLOOKUP(P70,PlayerDB!$F$2:$G261,2,FALSE),"") -> 120
B71: 70 | C71: ='Teams & Draft Order'!$C$15 -> Daddy's Dogs | E71: =IFERROR(VLOOKUP($D71,PlayerDB!$F$2:$G261,2,FALSE),"") | F71: =IFERROR(VLOOKUP($D71,PlayerDB!$F$2:$H261,3,FALSE),"") | G71: =IFERROR(VLOOKUP($D71,PlayerDB!$F$2:$I261,4,FALSE),"") | I71: =IFERROR(__xludf.DUMMYFUNCTION("JOIN("" | "",'Team Stats'!C$11:H$11)"),"0 | 0 | 0 | 0 | 0 | 0") -> 0 | 0 | 0 | 0 | 0 | 0 | J71: =IFERROR(__xludf.DUMMYFUNCTION("JOIN("" | "",'Team Stats'!I$4:K$4)"),"0 | 0 | 0") -> 0 | 0 | 0
A72: Round 08 | B72: 71 | C72: ='Teams & Draft Order'!$C$15 -> Daddy's Dogs | E72: =IFERROR(VLOOKUP($D72,PlayerDB!$F$2:$G261,2,FALSE),"") | F72: =IFERROR(VLOOKUP($D72,PlayerDB!$F$2:$H261,3,FALSE),"") | G72: =IFERROR(VLOOKUP($D72,PlayerDB!$F$2:$I261,4,FALSE),"") | I72: =IFERROR(__xludf.DUMMYFUNCTION("JOIN("" | "",'Team Stats'!C$11:H$11)"),"0 | 0 | 0 | 0 | 0 | 0") -> 0 | 0 | 0 | 0 | 0 | 0 | J72: =IFERROR(__xludf.DUMMYFUNCTION("JOIN("" | "",'Team Stats'!I$3:K$3)"),"0 | 0 | 0") -> 0 | 0 | 0
B73: 72 | C73: ='Teams & Draft Order'!$C$14 -> Achaians | E73: =IFERROR(VLOOKUP($D73,PlayerDB!$F$2:$G261,2,FALSE),"") | F73: =IFERROR(VLOOKUP($D73,PlayerDB!$F$2:$H261,3,FALSE),"") | G73: =IFERROR(VLOOKUP($D73,PlayerDB!$F$2:$I261,4,FALSE),"") | I73: =IFERROR(__xludf.DUMMYFUNCTION("JOIN("" | "",'Team Stats'!C$10:H$10)"),"0 | 0 | 0 | 0 | 0 | 0") -> 0 | 0 | 0 | 0 | 0 | 0 | J73: =IFERROR(__xludf.DUMMYFUNCTION("JOIN("" | "",'Team Stats'!I$2:K$2)"),"0 | 0 | 0") -> 0 | 0 | 0
B74: 73 | C74: ='Teams & Draft Order'!$C$13 -> Luddite | E74: =IFERROR(VLOOKUP($D74,PlayerDB!$F$2:$G261,2,FALSE),"") | F74: =IFERROR(VLOOKUP($D74,PlayerDB!$F$2:$H261,3,FALSE),"") | G74: =IFERROR(VLOOKUP($D74,PlayerDB!$F$2:$I261,4,FALSE),"") | I74: =IFERROR(__xludf.DUMMYFUNCTION("JOIN("" | "",'Team Stats'!C$9:H$9)"),"0 | 0 | 0 | 0 | 0 | 0") -> 0 | 0 | 0 | 0 | 0 | 0 | J74: =IFERROR(__xludf.DUMMYFUNCTION("JOIN("" | "",'Team Stats'!I$2:K$2)"),"0 | 0 | 0") -> 0 | 0 | 0 | L74: D/ST | M74: =COUNTIF(F:F,"D/ST") -> 0
B75: 74 | C75: ='Teams & Draft Order'!$C$12 -> Turbo-Ginz | E75: =IFERROR(VLOOKUP($D75,PlayerDB!$F$2:$G261,2,FALSE),"") | F75: =IFERROR(VLOOKUP($D75,PlayerDB!$F$2:$H261,3,FALSE),"") | G75: =IFERROR(VLOOKUP($D75,PlayerDB!$F$2:$I261,4,FALSE),"") | I75: =IFERROR(__xludf.DUMMYFUNCTION("JOIN("" | "",'Team Stats'!C$8:H$8)"),"0 | 0 | 0 | 0 | 0 | 0") -> 0 | 0 | 0 | 0 | 0 | 0 | J75: =IFERROR(__xludf.DUMMYFUNCTION("JOIN("" | "",'Team Stats'!I$3:K$3)"),"0 | 0 | 0") -> 0 | 0 | 0 | L75: =IFERROR(__xludf.DUMMYFUNCTION("QUERY(HELP_PlayersLeft!A2:B261, ""select A where B ='D/ST' LIMIT 20"")"),"Denver Broncos – DEN") -> Denver Broncos – DEN | M75: =IFERROR(VLOOKUP(L75,PlayerDB!$F$2:$G261,2,FALSE),"") -> 142
B76: 75 | C76: ='Teams & Draft Order'!$C$11 -> Big Boys Big Work | E76: =IFERROR(VLOOKUP($D76,PlayerDB!$F$2:$G261,2,FALSE),"") | F76: =IFERROR(VLOOKUP($D76,PlayerDB!$F$2:$H261,3,FALSE),"") | G76: =IFERROR(VLOOKUP($D76,PlayerDB!$F$2:$I261,4,FALSE),"") | I76: =IFERROR(__xludf.DUMMYFUNCTION("JOIN("" | "",'Team Stats'!C$7:H$7)"),"0 | 0 | 0 | 0 | 0 | 0") -> 0 | 0 | 0 | 0 | 0 | 0 | J76: =IFERROR(__xludf.DUMMYFUNCTION("JOIN("" | "",'Team Stats'!I$4:K$4)"),"0 | 0 | 0") -> 0 | 0 | 0 | L76: =IFERROR(__xludf.DUMMYFUNCTION("""COMPUTED_VALUE"""),"Philadelphia Eagles – PHI") -> Philadelphia Eagles – PHI | M76: =IFERROR(VLOOKUP(L76,PlayerDB!$F$2:$G261,2,FALSE),"") -> 139
B77: 76 | C77: ='Teams & Draft Order'!$C$10 -> Buttheads | E77: =IFERROR(VLOOKUP($D77,PlayerDB!$F$2:$G261,2,FALSE),"") | F77: =IFERROR(VLOOKUP($D77,PlayerDB!$F$2:$H261,3,FALSE),"") | G77: =IFERROR(VLOOKUP($D77,PlayerDB!$F$2:$I261,4,FALSE),"") | I77: =IFERROR(__xludf.DUMMYFUNCTION("JOIN("" | "",'Team Stats'!C$6:H$6)"),"0 | 0 | 0 | 0 | 0 | 0") -> 0 | 0 | 0 | 0 | 0 | 0 | J77: =IFERROR(__xludf.DUMMYFUNCTION("JOIN("" | "",'Team Stats'!I$5:K$5)"),"0 | 0 | 0") -> 0 | 0 | 0 | L77: =IFERROR(__xludf.DUMMYFUNCTION("""COMPUTED_VALUE"""),"Pittsburgh Steelers – PIT") -> Pittsburgh Steelers – PIT | M77: =IFERROR(VLOOKUP(L77,PlayerDB!$F$2:$G261,2,FALSE),"") -> 137
B78: 77 | C78: ='Teams & Draft Order'!$C$9 -> El Nino | E78: =IFERROR(VLOOKUP($D78,PlayerDB!$F$2:$G261,2,FALSE),"") | F78: =IFERROR(VLOOKUP($D78,PlayerDB!$F$2:$H261,3,FALSE),"") | G78: =IFERROR(VLOOKUP($D78,PlayerDB!$F$2:$I261,4,FALSE),"") | I78: =IFERROR(__xludf.DUMMYFUNCTION("JOIN("" | "",'Team Stats'!C$5:H$5)"),"0 | 0 | 0 | 0 | 0 | 0") -> 0 | 0 | 0 | 0 | 0 | 0 | J78: =IFERROR(__xludf.DUMMYFUNCTION("JOIN("" | "",'Team Stats'!I$6:K$6)"),"0 | 0 | 0") -> 0 | 0 | 0 | L78: =IFERROR(__xludf.DUMMYFUNCTION("""COMPUTED_VALUE"""),"Baltimore Ravens – BAL") -> Baltimore Ravens – BAL | M78: =IFERROR(VLOOKUP(L78,PlayerDB!$F$2:$G261,2,FALSE),"") -> 135
B79: 78 | C79: ='Teams & Draft Order'!$C$8 -> Icelanders | E79: =IFERROR(VLOOKUP($D79,PlayerDB!$F$2:$G261,2,FALSE),"") | F79: =IFERROR(VLOOKUP($D79,PlayerDB!$F$2:$H261,3,FALSE),"") | G79: =IFERROR(VLOOKUP($D79,PlayerDB!$F$2:$I261,4,FALSE),"") | I79: =IFERROR(__xludf.DUMMYFUNCTION("JOIN("" | "",'Team Stats'!C$4:H$4)"),"0 | 0 | 0 | 0 | 0 | 0") -> 0 | 0 | 0 | 0 | 0 | 0 | J79: =IFERROR(__xludf.DUMMYFUNCTION("JOIN("" | "",'Team Stats'!I$7:K$7)"),"0 | 0 | 0") -> 0 | 0 | 0 | L79: =IFERROR(__xludf.DUMMYFUNCTION("""COMPUTED_VALUE"""),"Minnesota Vikings – MIN") -> Minnesota Vikings – MIN | M79: =IFERROR(VLOOKUP(L79,PlayerDB!$F$2:$G261,2,FALSE),"") -> 132
B80: 79 | C80: ='Teams & Draft Order'!$C$7 -> Phantasm | E80: =IFERROR(VLOOKUP($D80,PlayerDB!$F$2:$G261,2,FALSE),"") | F80: =IFERROR(VLOOKUP($D80,PlayerDB!$F$2:$H261,3,FALSE),"") | G80: =IFERROR(VLOOKUP($D80,PlayerDB!$F$2:$I261,4,FALSE),"") | I80: =IFERROR(__xludf.DUMMYFUNCTION("JOIN("" | "",'Team Stats'!C$3:H$3)"),"0 | 0 | 0 | 0 | 0 | 0") -> 0 | 0 | 0 | 0 | 0 | 0 | J80: =IFERROR(__xludf.DUMMYFUNCTION("JOIN("" | "",'Team Stats'!I$8:K$8)"),"0 | 0 | 0") -> 0 | 0 | 0 | L80: =IFERROR(__xludf.DUMMYFUNCTION("""COMPUTED_VALUE"""),"Kansas City Chiefs – KC") -> Kansas City Chiefs – KC | M80: =IFERROR(VLOOKUP(L80,PlayerDB!$F$2:$G261,2,FALSE),"") -> 130
B81: 80 | C81: ='Teams & Draft Order'!$C$6 -> Sleeper Cell | E81: =IFERROR(VLOOKUP($D81,PlayerDB!$F$2:$G261,2,FALSE),"") | F81: =IFERROR(VLOOKUP($D81,PlayerDB!$F$2:$H261,3,FALSE),"") | G81: =IFERROR(VLOOKUP($D81,PlayerDB!$F$2:$I261,4,FALSE),"") | I81: =IFERROR(__xludf.DUMMYFUNCTION("JOIN("" | "",'Team Stats'!C$2:H$2)"),"1 | 0 | 0 | 0 | 0 | 0") -> 1 | 0 | 0 | 0 | 0 | 0 | J81: =IFERROR(__xludf.DUMMYFUNCTION("JOIN("" | "",'Team Stats'!I$9:K$9)"),"0 | 0 | 0") -> 0 | 0 | 0 | L81: =IFERROR(__xludf.DUMMYFUNCTION("""COMPUTED_VALUE"""),"Detroit Lions – DET") -> Detroit Lions – DET | M81: =IFERROR(VLOOKUP(L81,PlayerDB!$F$2:$G261,2,FALSE),"") -> 129
A82: Round 09 | B82: 81 | C82: ='Teams & Draft Order'!$C$6 -> Sleeper Cell | E82: =IFERROR(VLOOKUP($D82,PlayerDB!$F$2:$G261,2,FALSE),"") | F82: =IFERROR(VLOOKUP($D82,PlayerDB!$F$2:$H261,3,FALSE),"") | G82: =IFERROR(VLOOKUP($D82,PlayerDB!$F$2:$I261,4,FALSE),"") | I82: =IFERROR(__xludf.DUMMYFUNCTION("JOIN("" | "",'Team Stats'!C$2:H$2)"),"1 | 0 | 0 | 0 | 0 | 0") -> 1 | 0 | 0 | 0 | 0 | 0 | J82: =IFERROR(__xludf.DUMMYFUNCTION("JOIN("" | "",'Team Stats'!I$10:K$10)"),"0 | 0 | 0") -> 0 | 0 | 0 | L82: =IFERROR(__xludf.DUMMYFUNCTION("""COMPUTED_VALUE"""),"New York Jets – NYJ") -> New York Jets – NYJ | M82: =IFERROR(VLOOKUP(L82,PlayerDB!$F$2:$G261,2,FALSE),"") -> 128
B83: 82 | C83: ='Teams & Draft Order'!$C$7 -> Phantasm | E83: =IFERROR(VLOOKUP($D83,PlayerDB!$F$2:$G261,2,FALSE),"") | F83: =IFERROR(VLOOKUP($D83,PlayerDB!$F$2:$H261,3,FALSE),"") | G83: =IFERROR(VLOOKUP($D83,PlayerDB!$F$2:$I261,4,FALSE),"") | I83: =IFERROR(__xludf.DUMMYFUNCTION("JOIN("" | "",'Team Stats'!C$3:H$3)"),"0 | 0 | 0 | 0 | 0 | 0") -> 0 | 0 | 0 | 0 | 0 | 0 | J83: =IFERROR(__xludf.DUMMYFUNCTION("JOIN("" | "",'Team Stats'!I$11:K$11)"),"0 | 0 | 0") -> 0 | 0 | 0 | L83: =IFERROR(__xludf.DUMMYFUNCTION("""COMPUTED_VALUE"""),"Houston Texans – HOU") -> Houston Texans – HOU | M83: =IFERROR(VLOOKUP(L83,PlayerDB!$F$2:$G261,2,FALSE),"") -> 127
B84: 83 | C84: ='Teams & Draft Order'!$C$8 -> Icelanders | E84: =IFERROR(VLOOKUP($D84,PlayerDB!$F$2:$G261,2,FALSE),"") | F84: =IFERROR(VLOOKUP($D84,PlayerDB!$F$2:$H261,3,FALSE),"") | G84: =IFERROR(VLOOKUP($D84,PlayerDB!$F$2:$I261,4,FALSE),"") | I84: =IFERROR(__xludf.DUMMYFUNCTION("JOIN("" | "",'Team Stats'!C$4:H$4)"),"0 | 0 | 0 | 0 | 0 | 0") -> 0 | 0 | 0 | 0 | 0 | 0 | J84: =IFERROR(__xludf.DUMMYFUNCTION("JOIN("" | "",#REF!)"),"#REF!") -> #REF! | L84: =IFERROR(__xludf.DUMMYFUNCTION("""COMPUTED_VALUE"""),"Los Angeles Chargers – LAC") -> Los Angeles Chargers – LAC | M84: =IFERROR(VLOOKUP(L84,PlayerDB!$F$2:$G261,2,FALSE),"") -> 126
B85: 84 | C85: ='Teams & Draft Order'!$C$9 -> El Nino | E85: =IFERROR(VLOOKUP($D85,PlayerDB!$F$2:$G261,2,FALSE),"") | F85: =IFERROR(VLOOKUP($D85,PlayerDB!$F$2:$H261,3,FALSE),"") | G85: =IFERROR(VLOOKUP($D85,PlayerDB!$F$2:$I261,4,FALSE),"") | I85: =IFERROR(__xludf.DUMMYFUNCTION("JOIN("" | "",'Team Stats'!C$5:H$5)"),"0 | 0 | 0 | 0 | 0 | 0") -> 0 | 0 | 0 | 0 | 0 | 0 | J85: =IFERROR(__xludf.DUMMYFUNCTION("JOIN("" | "",#REF!)"),"#REF!") -> #REF! | L85: =IFERROR(__xludf.DUMMYFUNCTION("""COMPUTED_VALUE"""),"Buffalo Bills – BUF") -> Buffalo Bills – BUF | M85: =IFERROR(VLOOKUP(L85,PlayerDB!$F$2:$G261,2,FALSE),"") -> 125
B86: 85 | C86: ='Teams & Draft Order'!$C$10 -> Buttheads | E86: =IFERROR(VLOOKUP($D86,PlayerDB!$F$2:$G261,2,FALSE),"") | F86: =IFERROR(VLOOKUP($D86,PlayerDB!$F$2:$H261,3,FALSE),"") | G86: =IFERROR(VLOOKUP($D86,PlayerDB!$F$2:$I261,4,FALSE),"") | I86: =IFERROR(__xludf.DUMMYFUNCTION("JOIN("" | "",'Team Stats'!C$6:H$6)"),"0 | 0 | 0 | 0 | 0 | 0") -> 0 | 0 | 0 | 0 | 0 | 0 | J86: =IFERROR(__xludf.DUMMYFUNCTION("JOIN("" | "",#REF!)"),"#REF!") -> #REF! | L86: =IFERROR(__xludf.DUMMYFUNCTION("""COMPUTED_VALUE"""),"Seattle Seahawks – SEA") -> Seattle Seahawks – SEA | M86: =IFERROR(VLOOKUP(L86,PlayerDB!$F$2:$G261,2,FALSE),"") -> 124
B87: 86 | C87: ='Teams & Draft Order'!$C$11 -> Big Boys Big Work | E87: =IFERROR(VLOOKUP($D87,PlayerDB!$F$2:$G261,2,FALSE),"") | F87: =IFERROR(VLOOKUP($D87,PlayerDB!$F$2:$H261,3,FALSE),"") | G87: =IFERROR(VLOOKUP($D87,PlayerDB!$F$2:$I261,4,FALSE),"") | I87: =IFERROR(__xludf.DUMMYFUNCTION("JOIN("" | "",'Team Stats'!C$7:H$7)"),"0 | 0 | 0 | 0 | 0 | 0") -> 0 | 0 | 0 | 0 | 0 | 0 | J87: =IFERROR(__xludf.DUMMYFUNCTION("JOIN("" | "",#REF!)"),"#REF!") -> #REF! | L87: =IFERROR(__xludf.DUMMYFUNCTION("""COMPUTED_VALUE"""),"Los Angeles Rams – LAR") -> Los Angeles Rams – LAR | M87: =IFERROR(VLOOKUP(L87,PlayerDB!$F$2:$G261,2,FALSE),"") -> 122
B88: 87 | C88: ='Teams & Draft Order'!$C$12 -> Turbo-Ginz | E88: =IFERROR(VLOOKUP($D88,PlayerDB!$F$2:$G261,2,FALSE),"") | F88: =IFERROR(VLOOKUP($D88,PlayerDB!$F$2:$H261,3,FALSE),"") | G88: =IFERROR(VLOOKUP($D88,PlayerDB!$F$2:$I261,4,FALSE),"") | I88: =IFERROR(__xludf.DUMMYFUNCTION("JOIN("" | "",'Team Stats'!C$8:H$8)"),"0 | 0 | 0 | 0 | 0 | 0") -> 0 | 0 | 0 | 0 | 0 | 0 | J88: =IFERROR(__xludf.DUMMYFUNCTION("JOIN("" | "",'Team Stats'!I$11:K$11)"),"0 | 0 | 0") -> 0 | 0 | 0 | L88: =IFERROR(__xludf.DUMMYFUNCTION("""COMPUTED_VALUE"""),"Green Bay Packers – GB") -> Green Bay Packers – GB | M88: =IFERROR(VLOOKUP(L88,PlayerDB!$F$2:$G261,2,FALSE),"") -> 121
B89: 88 | C89: ='Teams & Draft Order'!$C$13 -> Luddite | E89: =IFERROR(VLOOKUP($D89,PlayerDB!$F$2:$G261,2,FALSE),"") | F89: =IFERROR(VLOOKUP($D89,PlayerDB!$F$2:$H261,3,FALSE),"") | G89: =IFERROR(VLOOKUP($D89,PlayerDB!$F$2:$I261,4,FALSE),"") | I89: =IFERROR(__xludf.DUMMYFUNCTION("JOIN("" | "",'Team Stats'!C$9:H$9)"),"0 | 0 | 0 | 0 | 0 | 0") -> 0 | 0 | 0 | 0 | 0 | 0 | J89: =IFERROR(__xludf.DUMMYFUNCTION("JOIN("" | "",'Team Stats'!I$10:K$10)"),"0 | 0 | 0") -> 0 | 0 | 0 | L89: =IFERROR(__xludf.DUMMYFUNCTION("""COMPUTED_VALUE"""),"Dallas Cowboys – DAL") -> Dallas Cowboys – DAL | M89: =IFERROR(VLOOKUP(L89,PlayerDB!$F$2:$G261,2,FALSE),"") -> 120
B90: 89 | C90: ='Teams & Draft Order'!$C$14 -> Achaians | E90: =IFERROR(VLOOKUP($D90,PlayerDB!$F$2:$G261,2,FALSE),"") | F90: =IFERROR(VLOOKUP($D90,PlayerDB!$F$2:$H261,3,FALSE),"") | G90: =IFERROR(VLOOKUP($D90,PlayerDB!$F$2:$I261,4,FALSE),"") | I90: =IFERROR(__xludf.DUMMYFUNCTION("JOIN("" | "",'Team Stats'!C$10:H$10)"),"0 | 0 | 0 | 0 | 0 | 0") -> 0 | 0 | 0 | 0 | 0 | 0 | J90: =IFERROR(__xludf.DUMMYFUNCTION("JOIN("" | "",'Team Stats'!I$9:K$9)"),"0 | 0 | 0") -> 0 | 0 | 0 | L90: =IFERROR(__xludf.DUMMYFUNCTION("""COMPUTED_VALUE"""),"New York Giants – NYG") -> New York Giants – NYG | M90: =IFERROR(VLOOKUP(L90,PlayerDB!$F$2:$G261,2,FALSE),"") -> 118
B91: 90 | C91: ='Teams & Draft Order'!$C$15 -> Daddy's Dogs | E91: =IFERROR(VLOOKUP($D91,PlayerDB!$F$2:$G261,2,FALSE),"") | F91: =IFERROR(VLOOKUP($D91,PlayerDB!$F$2:$H261,3,FALSE),"") | G91: =IFERROR(VLOOKUP($D91,PlayerDB!$F$2:$I261,4,FALSE),"") | I91: =IFERROR(__xludf.DUMMYFUNCTION("JOIN("" | "",'Team Stats'!C$11:H$11)"),"0 | 0 | 0 | 0 | 0 | 0") -> 0 | 0 | 0 | 0 | 0 | 0 | J91: =IFERROR(__xludf.DUMMYFUNCTION("JOIN("" | "",'Team Stats'!I$8:K$8)"),"0 | 0 | 0") -> 0 | 0 | 0 | L91: =IFERROR(__xludf.DUMMYFUNCTION("""COMPUTED_VALUE"""),"Cleveland Browns – CLE") -> Cleveland Browns – CLE | M91: =IFERROR(VLOOKUP(L91,PlayerDB!$F$2:$G261,2,FALSE),"") -> 117
A92: Round 10 | B92: 91 | C92: ='Teams & Draft Order'!$C$15 -> Daddy's Dogs | E92: =IFERROR(VLOOKUP($D92,PlayerDB!$F$2:$G261,2,FALSE),"") | F92: =IFERROR(VLOOKUP($D92,PlayerDB!$F$2:$H261,3,FALSE),"") | G92: =IFERROR(VLOOKUP($D92,PlayerDB!$F$2:$I261,4,FALSE),"") | I92: =IFERROR(__xludf.DUMMYFUNCTION("JOIN("" | "",'Team Stats'!C$11:H$11)"),"0 | 0 | 0 | 0 | 0 | 0") -> 0 | 0 | 0 | 0 | 0 | 0 | J92: =IFERROR(__xludf.DUMMYFUNCTION("JOIN("" | "",'Team Stats'!I$7:K$7)"),"0 | 0 | 0") -> 0 | 0 | 0 | L92: =IFERROR(__xludf.DUMMYFUNCTION("""COMPUTED_VALUE"""),"San Francisco 49ers – SF") -> San Francisco 49ers – SF | M92: =IFERROR(VLOOKUP(L92,PlayerDB!$F$2:$G261,2,FALSE),"") -> 116
B93: 92 | C93: ='Teams & Draft Order'!$C$14 -> Achaians | E93: =IFERROR(VLOOKUP($D93,PlayerDB!$F$2:$G261,2,FALSE),"") | F93: =IFERROR(VLOOKUP($D93,PlayerDB!$F$2:$H261,3,FALSE),"") | G93: =IFERROR(VLOOKUP($D93,PlayerDB!$F$2:$I261,4,FALSE),"") | I93: =IFERROR(__xludf.DUMMYFUNCTION("JOIN("" | "",'Team Stats'!C$10:H$10)"),"0 | 0 | 0 | 0 | 0 | 0") -> 0 | 0 | 0 | 0 | 0 | 0 | J93: =IFERROR(__xludf.DUMMYFUNCTION("JOIN("" | "",'Team Stats'!I$6:K$6)"),"0 | 0 | 0") -> 0 | 0 | 0 | L93: =IFERROR(__xludf.DUMMYFUNCTION("""COMPUTED_VALUE"""),"Tampa Bay Buccaneers – TB") -> Tampa Bay Buccaneers – TB | M93: =IFERROR(VLOOKUP(L93,PlayerDB!$F$2:$G261,2,FALSE),"") -> 115
B94: 93 | C94: ='Teams & Draft Order'!$C$13 -> Luddite | E94: =IFERROR(VLOOKUP($D94,PlayerDB!$F$2:$G261,2,FALSE),"") | F94: =IFERROR(VLOOKUP($D94,PlayerDB!$F$2:$H261,3,FALSE),"") | G94: =IFERROR(VLOOKUP($D94,PlayerDB!$F$2:$I261,4,FALSE),"") | I94: =IFERROR(__xludf.DUMMYFUNCTION("JOIN("" | "",'Team Stats'!C$9:H$9)"),"0 | 0 | 0 | 0 | 0 | 0") -> 0 | 0 | 0 | 0 | 0 | 0 | J94: =IFERROR(__xludf.DUMMYFUNCTION("JOIN("" | "",'Team Stats'!I$5:K$5)"),"0 | 0 | 0") -> 0 | 0 | 0 | L94: =IFERROR(__xludf.DUMMYFUNCTION("""COMPUTED_VALUE"""),"Miami Dolphins – MIA") -> Miami Dolphins – MIA | M94: =IFERROR(VLOOKUP(L94,PlayerDB!$F$2:$G261,2,FALSE),"") -> 114
B95: 94 | C95: ='Teams & Draft Order'!$C$12 -> Turbo-Ginz | E95: =IFERROR(VLOOKUP($D95,PlayerDB!$F$2:$G261,2,FALSE),"") | F95: =IFERROR(VLOOKUP($D95,PlayerDB!$F$2:$H261,3,FALSE),"") | G95: =IFERROR(VLOOKUP($D95,PlayerDB!$F$2:$I261,4,FALSE),"") | I95: =IFERROR(__xludf.DUMMYFUNCTION("JOIN("" | "",'Team Stats'!C$8:H$8)"),"0 | 0 | 0 | 0 | 0 | 0") -> 0 | 0 | 0 | 0 | 0 | 0 | J95: =IFERROR(__xludf.DUMMYFUNCTION("JOIN("" | "",'Team Stats'!I$4:K$4)"),"0 | 0 | 0") -> 0 | 0 | 0
B96: 95 | C96: ='Teams & Draft Order'!$C$11 -> Big Boys Big Work | E96: =IFERROR(VLOOKUP($D96,PlayerDB!$F$2:$G261,2,FALSE),"") | F96: =IFERROR(VLOOKUP($D96,PlayerDB!$F$2:$H261,3,FALSE),"") | G96: =IFERROR(VLOOKUP($D96,PlayerDB!$F$2:$I261,4,FALSE),"") | I96: =IFERROR(__xludf.DUMMYFUNCTION("JOIN("" | "",'Team Stats'!C$7:H$7)"),"0 | 0 | 0 | 0 | 0 | 0") -> 0 | 0 | 0 | 0 | 0 | 0 | J96: =IFERROR(__xludf.DUMMYFUNCTION("JOIN("" | "",'Team Stats'!I$3:K$3)"),"0 | 0 | 0") -> 0 | 0 | 0
B97: 96 | C97: ='Teams & Draft Order'!$C$10 -> Buttheads | E97: =IFERROR(VLOOKUP($D97,PlayerDB!$F$2:$G261,2,FALSE),"") | F97: =IFERROR(VLOOKUP($D97,PlayerDB!$F$2:$H261,3,FALSE),"") | G97: =IFERROR(VLOOKUP($D97,PlayerDB!$F$2:$I261,4,FALSE),"") | I97: =IFERROR(__xludf.DUMMYFUNCTION("JOIN("" | "",'Team Stats'!C$6:H$6)"),"0 | 0 | 0 | 0 | 0 | 0") -> 0 | 0 | 0 | 0 | 0 | 0 | J97: =IFERROR(__xludf.DUMMYFUNCTION("JOIN("" | "",'Team Stats'!I$2:K$2)"),"0 | 0 | 0") -> 0 | 0 | 0
B98: 97 | C98: ='Teams & Draft Order'!$C$9 -> El Nino | E98: =IFERROR(VLOOKUP($D98,PlayerDB!$F$2:$G261,2,FALSE),"") | F98: =IFERROR(VLOOKUP($D98,PlayerDB!$F$2:$H261,3,FALSE),"") | G98: =IFERROR(VLOOKUP($D98,PlayerDB!$F$2:$I261,4,FALSE),"") | I98: =IFERROR(__xludf.DUMMYFUNCTION("JOIN("" | "",'Team Stats'!C$5:H$5)"),"0 | 0 | 0 | 0 | 0 | 0") -> 0 | 0 | 0 | 0 | 0 | 0 | J98: =IFERROR(__xludf.DUMMYFUNCTION("JOIN("" | "",'Team Stats'!I$2:K$2)"),"0 | 0 | 0") -> 0 | 0 | 0
B99: 98 | C99: ='Teams & Draft Order'!$C$8 -> Icelanders | E99: =IFERROR(VLOOKUP($D99,PlayerDB!$F$2:$G261,2,FALSE),"") | F99: =IFERROR(VLOOKUP($D99,PlayerDB!$F$2:$H261,3,FALSE),"") | G99: =IFERROR(VLOOKUP($D99,PlayerDB!$F$2:$I261,4,FALSE),"") | I99: =IFERROR(__xludf.DUMMYFUNCTION("JOIN("" | "",'Team Stats'!C$4:H$4)"),"0 | 0 | 0 | 0 | 0 | 0") -> 0 | 0 | 0 | 0 | 0 | 0 | J99: =IFERROR(__xludf.DUMMYFUNCTION("JOIN("" | "",'Team Stats'!I$3:K$3)"),"0 | 0 | 0") -> 0 | 0 | 0
B100: 99 | C100: ='Teams & Draft Order'!$C$7 -> Phantasm | E100: =IFERROR(VLOOKUP($D100,PlayerDB!$F$2:$G261,2,FALSE),"") | F100: =IFERROR(VLOOKUP($D100,PlayerDB!$F$2:$H261,3,FALSE),"") | G100: =IFERROR(VLOOKUP($D100,PlayerDB!$F$2:$I261,4,FALSE),"") | I100: =IFERROR(__xludf.DUMMYFUNCTION("JOIN("" | "",'Team Stats'!C$3:H$3)"),"0 | 0 | 0 | 0 | 0 | 0") -> 0 | 0 | 0 | 0 | 0 | 0 | J100: =IFERROR(__xludf.DUMMYFUNCTION("JOIN("" | "",'Team Stats'!I$4:K$4)"),"0 | 0 | 0") -> 0 | 0 | 0
...

Sheet Draft (12 Teams)
A1: Round | B1: Pick | C1: =IF(C2="","ENTER TEAMS FIRST","Team") -> Team | D1: =IF(C2="","SEE DRAFT ORDER TAB","Player") -> Player | E1: Team | F1: Pos | G1: Bye | I1: =IFERROR(__xludf.DUMMYFUNCTION("JOIN("" | "",'Team Stats'!C$1:H$1)"),"QB | RB | WR | TE | K | D/ST") -> QB | RB | WR | TE | K | D/ST | J1: =IFERROR(__xludf.DUMMYFUNCTION("JOIN("" | "",'Team Stats'!I$1:K$1)"),"DL | LB | DB") -> DL | LB | DB | L1: ="ADP (Fantasypros, "& HOME!C5 &")" -> ADP (Fantasypros, 28.08.2023)
A2: Round 01 | B2: 1 | C2: ='Teams & Draft Order'!$C$6 -> Sleeper Cell | E2: =IFERROR(VLOOKUP($D2,PlayerDB!$F$2:$G313,2,FALSE),"") | F2: =IFERROR(VLOOKUP($D2,PlayerDB!$F$2:$H313,3,FALSE),"") | G2: =IFERROR(VLOOKUP($D2,PlayerDB!$F$2:$I313,4,FALSE),"") | I2: =IFERROR(__xludf.DUMMYFUNCTION("JOIN("" | "",'Team Stats'!C$2:H$2)"),"1 | 0 | 0 | 0 | 0 | 0") -> 1 | 0 | 0 | 0 | 0 | 0 | J2: =IFERROR(__xludf.DUMMYFUNCTION("JOIN("" | "",'Team Stats'!I$2:K$2)"),"0 | 0 | 0") -> 0 | 0 | 0 | L2: Overall | P2: QB | Q2: =COUNTIF(F:F,"QB") -> 0
B3: 2 | C3: ='Teams & Draft Order'!$C$7 -> Phantasm | E3: =IFERROR(VLOOKUP($D3,PlayerDB!$F$2:$G313,2,FALSE),"") | F3: =IFERROR(VLOOKUP($D3,PlayerDB!$F$2:$H313,3,FALSE),"") | G3: =IFERROR(VLOOKUP($D3,PlayerDB!$F$2:$I313,4,FALSE),"") | I3: =IFERROR(__xludf.DUMMYFUNCTION("JOIN("" | "",'Team Stats'!C$3:H$3)"),"0 | 0 | 0 | 0 | 0 | 0") -> 0 | 0 | 0 | 0 | 0 | 0 | J3: =IFERROR(__xludf.DUMMYFUNCTION("JOIN("" | "",'Team Stats'!I$3:K$3)"),"0 | 0 | 0") -> 0 | 0 | 0 | L3: =IFERROR(__xludf.DUMMYFUNCTION("QUERY(HELP_PlayersLeft!A2:B313, ""select A LIMIT 20"")"),"Ja'Marr Chase – CIN") -> Ja'Marr Chase – CIN | M3: =IFERROR(VLOOKUP(L3,PlayerDB!$F$2:$G313,2,FALSE),"") -> 231.2 | N3: =IFERROR(VLOOKUP($L3,PlayerDB!$F$2:$H313,3,FALSE),"") -> WR | P3: =IFERROR(__xludf.DUMMYFUNCTION("QUERY(HELP_PlayersLeft!A2:B313, ""select A where B ='QB' LIMIT 20"")"),"Lamar Jackson – BAL") -> Lamar Jackson – BAL | Q3: =IFERROR(VLOOKUP(P3,PlayerDB!$F$2:$G313,2,FALSE),"") -> 378.8
B4: 3 | C4: ='Teams & Draft Order'!$C$8 -> Icelanders | E4: =IFERROR(VLOOKUP($D4,PlayerDB!$F$2:$G313,2,FALSE),"") | F4: =IFERROR(VLOOKUP($D4,PlayerDB!$F$2:$H313,3,FALSE),"") | G4: =IFERROR(VLOOKUP($D4,PlayerDB!$F$2:$I313,4,FALSE),"") | I4: =IFERROR(__xludf.DUMMYFUNCTION("JOIN("" | "",'Team Stats'!C$4:H$4)"),"0 | 0 | 0 | 0 | 0 | 0") -> 0 | 0 | 0 | 0 | 0 | 0 | J4: =IFERROR(__xludf.DUMMYFUNCTION("JOIN("" | "",'Team Stats'!I$4:K$4)"),"0 | 0 | 0") -> 0 | 0 | 0 | L4: =IFERROR(__xludf.DUMMYFUNCTION("""COMPUTED_VALUE"""),"Lamar Jackson – BAL") -> Lamar Jackson – BAL | M4: =IFERROR(VLOOKUP(L4,PlayerDB!$F$2:$G313,2,FALSE),"") -> 378.8 | N4: =IFERROR(VLOOKUP($L4,PlayerDB!$F$2:$H313,3,FALSE),"") -> QB | P4: =IFERROR(__xludf.DUMMYFUNCTION("""COMPUTED_VALUE"""),"Josh Allen – BUF") -> Josh Allen – BUF | Q4: =IFERROR(VLOOKUP(P4,PlayerDB!$F$2:$G313,2,FALSE),"") -> 376.7
B5: 4 | C5: ='Teams & Draft Order'!$C$9 -> El Nino | E5: =IFERROR(VLOOKUP($D5,PlayerDB!$F$2:$G313,2,FALSE),"") | F5: =IFERROR(VLOOKUP($D5,PlayerDB!$F$2:$H313,3,FALSE),"") | G5: =IFERROR(VLOOKUP($D5,PlayerDB!$F$2:$I313,4,FALSE),"") | I5: =IFERROR(__xludf.DUMMYFUNCTION("JOIN("" | "",'Team Stats'!C$5:H$5)"),"0 | 0 | 0 | 0 | 0 | 0") -> 0 | 0 | 0 | 0 | 0 | 0 | J5: =IFERROR(__xludf.DUMMYFUNCTION("JOIN("" | "",'Team Stats'!I$5:K$5)"),"0 | 0 | 0") -> 0 | 0 | 0 | L5: =IFERROR(__xludf.DUMMYFUNCTION("""COMPUTED_VALUE"""),"Brock Bowers – LV") -> Brock Bowers – LV | M5: =IFERROR(VLOOKUP(L5,PlayerDB!$F$2:$G313,2,FALSE),"") -> 149.7 | N5: =IFERROR(VLOOKUP($L5,PlayerDB!$F$2:$H313,3,FALSE),"") -> TE | P5: =IFERROR(__xludf.DUMMYFUNCTION("""COMPUTED_VALUE"""),"Jalen Hurts – PHI") -> Jalen Hurts – PHI | Q5: =IFERROR(VLOOKUP(P5,PlayerDB!$F$2:$G313,2,FALSE),"") -> 356.6
B6: 5 | C6: ='Teams & Draft Order'!$C$10 -> Buttheads | E6: =IFERROR(VLOOKUP($D6,PlayerDB!$F$2:$G313,2,FALSE),"") | F6: =IFERROR(VLOOKUP($D6,PlayerDB!$F$2:$H313,3,FALSE),"") | G6: =IFERROR(VLOOKUP($D6,PlayerDB!$F$2:$I313,4,FALSE),"") | I6: =IFERROR(__xludf.DUMMYFUNCTION("JOIN("" | "",'Team Stats'!C$6:H$6)"),"0 | 0 | 0 | 0 | 0 | 0") -> 0 | 0 | 0 | 0 | 0 | 0 | J6: =IFERROR(__xludf.DUMMYFUNCTION("JOIN("" | "",'Team Stats'!I$6:K$6)"),"0 | 0 | 0") -> 0 | 0 | 0 | L6: =IFERROR(__xludf.DUMMYFUNCTION("""COMPUTED_VALUE"""),"Brandon Aubrey – DAL") -> Brandon Aubrey – DAL | M6: =IFERROR(VLOOKUP(L6,PlayerDB!$F$2:$G313,2,FALSE),"") -> 140 | N6: =IFERROR(VLOOKUP($L6,PlayerDB!$F$2:$H313,3,FALSE),"") -> K | P6: =IFERROR(__xludf.DUMMYFUNCTION("""COMPUTED_VALUE"""),"Jayden Daniels – WAS") -> Jayden Daniels – WAS | Q6: =IFERROR(VLOOKUP(P6,PlayerDB!$F$2:$G313,2,FALSE),"") -> 355.8
B7: 6 | C7: ='Teams & Draft Order'!$C$11 -> Big Boys Big Work | E7: =IFERROR(VLOOKUP($D7,PlayerDB!$F$2:$G313,2,FALSE),"") | F7: =IFERROR(VLOOKUP($D7,PlayerDB!$F$2:$H313,3,FALSE),"") | G7: =IFERROR(VLOOKUP($D7,PlayerDB!$F$2:$I313,4,FALSE),"") | I7: =IFERROR(__xludf.DUMMYFUNCTION("JOIN("" | "",'Team Stats'!C$7:H$7)"),"0 | 0 | 0 | 0 | 0 | 0") -> 0 | 0 | 0 | 0 | 0 | 0 | J7: =IFERROR(__xludf.DUMMYFUNCTION("JOIN("" | "",'Team Stats'!I$7:K$7)"),"0 | 0 | 0") -> 0 | 0 | 0 | L7: =IFERROR(__xludf.DUMMYFUNCTION("""COMPUTED_VALUE"""),"Christian McCaffrey – SF") -> Christian McCaffrey – SF | M7: =IFERROR(VLOOKUP(L7,PlayerDB!$F$2:$G313,2,FALSE),"") -> 254 | N7: =IFERROR(VLOOKUP($L7,PlayerDB!$F$2:$H313,3,FALSE),"") -> RB | P7: =IFERROR(__xludf.DUMMYFUNCTION("""COMPUTED_VALUE"""),"Joe Burrow – CIN") -> Joe Burrow – CIN | Q7: =IFERROR(VLOOKUP(P7,PlayerDB!$F$2:$G313,2,FALSE),"") -> 341.6
B8: 7 | C8: ='Teams & Draft Order'!$C$12 -> Turbo-Ginz | E8: =IFERROR(VLOOKUP($D8,PlayerDB!$F$2:$G313,2,FALSE),"") | F8: =IFERROR(VLOOKUP($D8,PlayerDB!$F$2:$H313,3,FALSE),"") | G8: =IFERROR(VLOOKUP($D8,PlayerDB!$F$2:$I313,4,FALSE),"") | I8: =IFERROR(__xludf.DUMMYFUNCTION("JOIN("" | "",'Team Stats'!C$8:H$8)"),"0 | 0 | 0 | 0 | 0 | 0") -> 0 | 0 | 0 | 0 | 0 | 0 | J8: =IFERROR(__xludf.DUMMYFUNCTION("JOIN("" | "",'Team Stats'!I$8:K$8)"),"0 | 0 | 0") -> 0 | 0 | 0 | L8: =IFERROR(__xludf.DUMMYFUNCTION("""COMPUTED_VALUE"""),"Justin Jefferson – MIN") -> Justin Jefferson – MIN | M8: =IFERROR(VLOOKUP(L8,PlayerDB!$F$2:$G313,2,FALSE),"") -> 205.2 | N8: =IFERROR(VLOOKUP($L8,PlayerDB!$F$2:$H313,3,FALSE),"") -> WR | P8: =IFERROR(__xludf.DUMMYFUNCTION("""COMPUTED_VALUE"""),"Patrick Mahomes – KC") -> Patrick Mahomes – KC | Q8: =IFERROR(VLOOKUP(P8,PlayerDB!$F$2:$G313,2,FALSE),"") -> 327.1
B9: 8 | C9: ='Teams & Draft Order'!$C$13 -> Luddite | E9: =IFERROR(VLOOKUP($D9,PlayerDB!$F$2:$G313,2,FALSE),"") | F9: =IFERROR(VLOOKUP($D9,PlayerDB!$F$2:$H313,3,FALSE),"") | G9: =IFERROR(VLOOKUP($D9,PlayerDB!$F$2:$I313,4,FALSE),"") | I9: =IFERROR(__xludf.DUMMYFUNCTION("JOIN("" | "",'Team Stats'!C$9:H$9)"),"0 | 0 | 0 | 0 | 0 | 0") -> 0 | 0 | 0 | 0 | 0 | 0 | J9: =IFERROR(__xludf.DUMMYFUNCTION("JOIN("" | "",'Team Stats'!I$9:K$9)"),"0 | 0 | 0") -> 0 | 0 | 0 | L9: =IFERROR(__xludf.DUMMYFUNCTION("""COMPUTED_VALUE"""),"Josh Allen – BUF") -> Josh Allen – BUF | M9: =IFERROR(VLOOKUP(L9,PlayerDB!$F$2:$G313,2,FALSE),"") -> 376.7 | N9: =IFERROR(VLOOKUP($L9,PlayerDB!$F$2:$H313,3,FALSE),"") -> QB | P9: =IFERROR(__xludf.DUMMYFUNCTION("""COMPUTED_VALUE"""),"Baker Mayfield – TB") -> Baker Mayfield – TB | Q9: =IFERROR(VLOOKUP(P9,PlayerDB!$F$2:$G313,2,FALSE),"") -> 321.6
B10: 9 | C10: ='Teams & Draft Order'!$C$14 -> Achaians | E10: =IFERROR(VLOOKUP($D10,PlayerDB!$F$2:$G313,2,FALSE),"") | F10: =IFERROR(VLOOKUP($D10,PlayerDB!$F$2:$H313,3,FALSE),"") | G10: =IFERROR(VLOOKUP($D10,PlayerDB!$F$2:$I313,4,FALSE),"") | I10: =IFERROR(__xludf.DUMMYFUNCTION("JOIN("" | "",'Team Stats'!C$10:H$10)"),"0 | 0 | 0 | 0 | 0 | 0") -> 0 | 0 | 0 | 0 | 0 | 0 | J10: =IFERROR(__xludf.DUMMYFUNCTION("JOIN("" | "",'Team Stats'!I$10:K$10)"),"0 | 0 | 0") -> 0 | 0 | 0 | L10: =IFERROR(__xludf.DUMMYFUNCTION("""COMPUTED_VALUE"""),"George Kittle – SF") -> George Kittle – SF | M10: =IFERROR(VLOOKUP(L10,PlayerDB!$F$2:$G313,2,FALSE),"") -> 147.6 | N10: =IFERROR(VLOOKUP($L10,PlayerDB!$F$2:$H313,3,FALSE),"") -> TE | P10: =IFERROR(__xludf.DUMMYFUNCTION("""COMPUTED_VALUE"""),"Kyler Murray – ARI") -> Kyler Murray – ARI | Q10: =IFERROR(VLOOKUP(P10,PlayerDB!$F$2:$G313,2,FALSE),"") -> 319
B11: 10 | C11: ='Teams & Draft Order'!$C$15 -> Daddy's Dogs | E11: =IFERROR(VLOOKUP($D11,PlayerDB!$F$2:$G313,2,FALSE),"") | F11: =IFERROR(VLOOKUP($D11,PlayerDB!$F$2:$H313,3,FALSE),"") | G11: =IFERROR(VLOOKUP($D11,PlayerDB!$F$2:$I313,4,FALSE),"") | I11: =IFERROR(__xludf.DUMMYFUNCTION("JOIN("" | "",'Team Stats'!C$11:H$11)"),"0 | 0 | 0 | 0 | 0 | 0") -> 0 | 0 | 0 | 0 | 0 | 0 | J11: =IFERROR(__xludf.DUMMYFUNCTION("JOIN("" | "",'Team Stats'!I$11:K$11)"),"0 | 0 | 0") -> 0 | 0 | 0 | L11: =IFERROR(__xludf.DUMMYFUNCTION("""COMPUTED_VALUE"""),"Chase McLaughlin – TB") -> Chase McLaughlin – TB | M11: =IFERROR(VLOOKUP(L11,PlayerDB!$F$2:$G313,2,FALSE),"") -> 136 | N11: =IFERROR(VLOOKUP($L11,PlayerDB!$F$2:$H313,3,FALSE),"") -> K | P11: =IFERROR(__xludf.DUMMYFUNCTION("""COMPUTED_VALUE"""),"Brock Purdy – SF") -> Brock Purdy – SF | Q11: =IFERROR(VLOOKUP(P11,PlayerDB!$F$2:$G313,2,FALSE),"") -> 309.6
B12: 11 | C12: ='Teams & Draft Order'!$C$16 -> TDs and Beers | E12: =IFERROR(VLOOKUP($D12,PlayerDB!$F$2:$G313,2,FALSE),"") | F12: =IFERROR(VLOOKUP($D12,PlayerDB!$F$2:$H313,3,FALSE),"") | G12: =IFERROR(VLOOKUP($D12,PlayerDB!$F$2:$I313,4,FALSE),"") | I12: =IFERROR(__xludf.DUMMYFUNCTION("JOIN("" | "",'Team Stats'!C$12:H$12)"),"0 | 0 | 0 | 0 | 0 | 0") -> 0 | 0 | 0 | 0 | 0 | 0 | J12: =IFERROR(__xludf.DUMMYFUNCTION("JOIN("" | "",'Team Stats'!I$12:K$12)"),"0 | 0 | 0") -> 0 | 0 | 0 | L12: =IFERROR(__xludf.DUMMYFUNCTION("""COMPUTED_VALUE"""),"Derrick Henry – BAL") -> Derrick Henry – BAL | M12: =IFERROR(VLOOKUP(L12,PlayerDB!$F$2:$G313,2,FALSE),"") -> 253 | N12: =IFERROR(VLOOKUP($L12,PlayerDB!$F$2:$H313,3,FALSE),"") -> RB | P12: =IFERROR(__xludf.DUMMYFUNCTION("""COMPUTED_VALUE"""),"Bo Nix – DEN") -> Bo Nix – DEN | Q12: =IFERROR(VLOOKUP(P12,PlayerDB!$F$2:$G313,2,FALSE),"") -> 308.8
B13: 12 | C13: ='Teams & Draft Order'!$C$17 -> DD Riders | E13: =IFERROR(VLOOKUP($D13,PlayerDB!$F$2:$G313,2,FALSE),"") | F13: =IFERROR(VLOOKUP($D13,PlayerDB!$F$2:$H313,3,FALSE),"") | G13: =IFERROR(VLOOKUP($D13,PlayerDB!$F$2:$I313,4,FALSE),"") | I13: =IFERROR(__xludf.DUMMYFUNCTION("JOIN("" | "",'Team Stats'!C$13:H$13)"),"0 | 0 | 0 | 0 | 0 | 0") -> 0 | 0 | 0 | 0 | 0 | 0 | J13: =IFERROR(__xludf.DUMMYFUNCTION("JOIN("" | "",'Team Stats'!I$13:K$13)"),"0 | 0 | 0") -> 0 | 0 | 0 | L13: =IFERROR(__xludf.DUMMYFUNCTION("""COMPUTED_VALUE"""),"CeeDee Lamb – DAL") -> CeeDee Lamb – DAL | M13: =IFERROR(VLOOKUP(L13,PlayerDB!$F$2:$G313,2,FALSE),"") -> 193 | N13: =IFERROR(VLOOKUP($L13,PlayerDB!$F$2:$H313,3,FALSE),"") -> WR | P13: =IFERROR(__xludf.DUMMYFUNCTION("""COMPUTED_VALUE"""),"Justin Fields – NYJ") -> Justin Fields – NYJ | Q13: =IFERROR(VLOOKUP(P13,PlayerDB!$F$2:$G313,2,FALSE),"") -> 300.9
A14: Round 02 | B14: 13 | C14: ='Teams & Draft Order'!$C$17 -> DD Riders | E14: =IFERROR(VLOOKUP($D14,PlayerDB!$F$2:$G313,2,FALSE),"") | F14: =IFERROR(VLOOKUP($D14,PlayerDB!$F$2:$H313,3,FALSE),"") | G14: =IFERROR(VLOOKUP($D14,PlayerDB!$F$2:$I313,4,FALSE),"") | I14: =IFERROR(__xludf.DUMMYFUNCTION("JOIN("" | "",'Team Stats'!C$13:H$13)"),"0 | 0 | 0 | 0 | 0 | 0") -> 0 | 0 | 0 | 0 | 0 | 0 | J14: =IFERROR(__xludf.DUMMYFUNCTION("JOIN("" | "",'Team Stats'!I$13:K$13)"),"0 | 0 | 0") -> 0 | 0 | 0 | L14: =IFERROR(__xludf.DUMMYFUNCTION("""COMPUTED_VALUE"""),"Jalen Hurts – PHI") -> Jalen Hurts – PHI | M14: =IFERROR(VLOOKUP(L14,PlayerDB!$F$2:$G313,2,FALSE),"") -> 356.6 | N14: =IFERROR(VLOOKUP($L14,PlayerDB!$F$2:$H313,3,FALSE),"") -> QB | P14: =IFERROR(__xludf.DUMMYFUNCTION("""COMPUTED_VALUE"""),"Justin Herbert – LAC") -> Justin Herbert – LAC | Q14: =IFERROR(VLOOKUP(P14,PlayerDB!$F$2:$G313,2,FALSE),"") -> 293.8
B15: 14 | C15: ='Teams & Draft Order'!$C$16 -> TDs and Beers | E15: =IFERROR(VLOOKUP($D15,PlayerDB!$F$2:$G313,2,FALSE),"") | F15: =IFERROR(VLOOKUP($D15,PlayerDB!$F$2:$H313,3,FALSE),"") | G15: =IFERROR(VLOOKUP($D15,PlayerDB!$F$2:$I313,4,FALSE),"") | I15: =IFERROR(__xludf.DUMMYFUNCTION("JOIN("" | "",'Team Stats'!C$12:H$12)"),"0 | 0 | 0 | 0 | 0 | 0") -> 0 | 0 | 0 | 0 | 0 | 0 | J15: =IFERROR(__xludf.DUMMYFUNCTION("JOIN("" | "",'Team Stats'!I$12:K$12)"),"0 | 0 | 0") -> 0 | 0 | 0 | L15: =IFERROR(__xludf.DUMMYFUNCTION("""COMPUTED_VALUE"""),"Trey McBride – ARI") -> Trey McBride – ARI | M15: =IFERROR(VLOOKUP(L15,PlayerDB!$F$2:$G313,2,FALSE),"") -> 139.4 | N15: =IFERROR(VLOOKUP($L15,PlayerDB!$F$2:$H313,3,FALSE),"") -> TE | P15: =IFERROR(__xludf.DUMMYFUNCTION("""COMPUTED_VALUE"""),"Jared Goff – DET") -> Jared Goff – DET | Q15: =IFERROR(VLOOKUP(P15,PlayerDB!$F$2:$G313,2,FALSE),"") -> 290
B16: 15 | C16: ='Teams & Draft Order'!$C$15 -> Daddy's Dogs | E16: =IFERROR(VLOOKUP($D16,PlayerDB!$F$2:$G313,2,FALSE),"") | F16: =IFERROR(VLOOKUP($D16,PlayerDB!$F$2:$H313,3,FALSE),"") | G16: =IFERROR(VLOOKUP($D16,PlayerDB!$F$2:$I313,4,FALSE),"") | I16: =IFERROR(__xludf.DUMMYFUNCTION("JOIN("" | "",'Team Stats'!C$11:H$11)"),"0 | 0 | 0 | 0 | 0 | 0") -> 0 | 0 | 0 | 0 | 0 | 0 | J16: =IFERROR(__xludf.DUMMYFUNCTION("JOIN("" | "",'Team Stats'!I$11:K$11)"),"0 | 0 | 0") -> 0 | 0 | 0 | L16: =IFERROR(__xludf.DUMMYFUNCTION("""COMPUTED_VALUE"""),"Cameron Dicker – LAC") -> Cameron Dicker – LAC | M16: =IFERROR(VLOOKUP(L16,PlayerDB!$F$2:$G313,2,FALSE),"") -> 135 | N16: =IFERROR(VLOOKUP($L16,PlayerDB!$F$2:$H313,3,FALSE),"") -> K | P16: =IFERROR(__xludf.DUMMYFUNCTION("""COMPUTED_VALUE"""),"Dak Prescott – DAL") -> Dak Prescott – DAL | Q16: =IFERROR(VLOOKUP(P16,PlayerDB!$F$2:$G313,2,FALSE),"") -> 290
B17: 16 | C17: ='Teams & Draft Order'!$C$14 -> Achaians | E17: =IFERROR(VLOOKUP($D17,PlayerDB!$F$2:$G313,2,FALSE),"") | F17: =IFERROR(VLOOKUP($D17,PlayerDB!$F$2:$H313,3,FALSE),"") | G17: =IFERROR(VLOOKUP($D17,PlayerDB!$F$2:$I313,4,FALSE),"") | I17: =IFERROR(__xludf.DUMMYFUNCTION("JOIN("" | "",'Team Stats'!C$10:H$10)"),"0 | 0 | 0 | 0 | 0 | 0") -> 0 | 0 | 0 | 0 | 0 | 0 | J17: =IFERROR(__xludf.DUMMYFUNCTION("JOIN("" | "",'Team Stats'!I$10:K$10)"),"0 | 0 | 0") -> 0 | 0 | 0 | L17: =IFERROR(__xludf.DUMMYFUNCTION("""COMPUTED_VALUE"""),"Saquon Barkley – PHI") -> Saquon Barkley – PHI | M17: =IFERROR(VLOOKUP(L17,PlayerDB!$F$2:$G313,2,FALSE),"") -> 231 | N17: =IFERROR(VLOOKUP($L17,PlayerDB!$F$2:$H313,3,FALSE),"") -> RB | P17: =IFERROR(__xludf.DUMMYFUNCTION("""COMPUTED_VALUE"""),"J.J. McCarthy – MIN") -> J.J. McCarthy – MIN | Q17: =IFERROR(VLOOKUP(P17,PlayerDB!$F$2:$G313,2,FALSE),"") -> 289.2
B18: 17 | C18: ='Teams & Draft Order'!$C$13 -> Luddite | E18: =IFERROR(VLOOKUP($D18,PlayerDB!$F$2:$G313,2,FALSE),"") | F18: =IFERROR(VLOOKUP($D18,PlayerDB!$F$2:$H313,3,FALSE),"") | G18: =IFERROR(VLOOKUP($D18,PlayerDB!$F$2:$I313,4,FALSE),"") | I18: =IFERROR(__xludf.DUMMYFUNCTION("JOIN("" | "",'Team Stats'!C$9:H$9)"),"0 | 0 | 0 | 0 | 0 | 0") -> 0 | 0 | 0 | 0 | 0 | 0 | J18: =IFERROR(__xludf.DUMMYFUNCTION("JOIN("" | "",'Team Stats'!I$9:K$9)"),"0 | 0 | 0") -> 0 | 0 | 0 | L18: =IFERROR(__xludf.DUMMYFUNCTION("""COMPUTED_VALUE"""),"Puka Nacua – LAR") -> Puka Nacua – LAR | M18: =IFERROR(VLOOKUP(L18,PlayerDB!$F$2:$G313,2,FALSE),"") -> 187.7 | N18: =IFERROR(VLOOKUP($L18,PlayerDB!$F$2:$H313,3,FALSE),"") -> WR | P18: =IFERROR(__xludf.DUMMYFUNCTION("""COMPUTED_VALUE"""),"Caleb Williams – CHI") -> Caleb Williams – CHI | Q18: =IFERROR(VLOOKUP(P18,PlayerDB!$F$2:$G313,2,FALSE),"") -> 287.5
B19: 18 | C19: ='Teams & Draft Order'!$C$12 -> Turbo-Ginz | E19: =IFERROR(VLOOKUP($D19,PlayerDB!$F$2:$G313,2,FALSE),"") | F19: =IFERROR(VLOOKUP($D19,PlayerDB!$F$2:$H313,3,FALSE),"") | G19: =IFERROR(VLOOKUP($D19,PlayerDB!$F$2:$I313,4,FALSE),"") | I19: =IFERROR(__xludf.DUMMYFUNCTION("JOIN("" | "",'Team Stats'!C$8:H$8)"),"0 | 0 | 0 | 0 | 0 | 0") -> 0 | 0 | 0 | 0 | 0 | 0 | J19: =IFERROR(__xludf.DUMMYFUNCTION("JOIN("" | "",'Team Stats'!I$8:K$8)"),"0 | 0 | 0") -> 0 | 0 | 0 | L19: =IFERROR(__xludf.DUMMYFUNCTION("""COMPUTED_VALUE"""),"Jayden Daniels – WAS") -> Jayden Daniels – WAS | M19: =IFERROR(VLOOKUP(L19,PlayerDB!$F$2:$G313,2,FALSE),"") -> 355.8 | N19: =IFERROR(VLOOKUP($L19,PlayerDB!$F$2:$H313,3,FALSE),"") -> QB | P19: =IFERROR(__xludf.DUMMYFUNCTION("""COMPUTED_VALUE"""),"C.J. Stroud – HOU") -> C.J. Stroud – HOU | Q19: =IFERROR(VLOOKUP(P19,PlayerDB!$F$2:$G313,2,FALSE),"") -> 279.8
B20: 19 | C20: ='Teams & Draft Order'!$C$11 -> Big Boys Big Work | E20: =IFERROR(VLOOKUP($D20,PlayerDB!$F$2:$G313,2,FALSE),"") | F20: =IFERROR(VLOOKUP($D20,PlayerDB!$F$2:$H313,3,FALSE),"") | G20: =IFERROR(VLOOKUP($D20,PlayerDB!$F$2:$I313,4,FALSE),"") | I20: =IFERROR(__xludf.DUMMYFUNCTION("JOIN("" | "",'Team Stats'!C$7:H$7)"),"0 | 0 | 0 | 0 | 0 | 0") -> 0 | 0 | 0 | 0 | 0 | 0 | J20: =IFERROR(__xludf.DUMMYFUNCTION("JOIN("" | "",'Team Stats'!I$7:K$7)"),"0 | 0 | 0") -> 0 | 0 | 0 | L20: =IFERROR(__xludf.DUMMYFUNCTION("""COMPUTED_VALUE"""),"Mark Andrews – BAL") -> Mark Andrews – BAL | M20: =IFERROR(VLOOKUP(L20,PlayerDB!$F$2:$G313,2,FALSE),"") -> 117.3 | N20: =IFERROR(VLOOKUP($L20,PlayerDB!$F$2:$H313,3,FALSE),"") -> TE | P20: =IFERROR(__xludf.DUMMYFUNCTION("""COMPUTED_VALUE"""),"Jordan Love – GB") -> Jordan Love – GB | Q20: =IFERROR(VLOOKUP(P20,PlayerDB!$F$2:$G313,2,FALSE),"") -> 278.7
B21: 20 | C21: ='Teams & Draft Order'!$C$10 -> Buttheads | E21: =IFERROR(VLOOKUP($D21,PlayerDB!$F$2:$G313,2,FALSE),"") | F21: =IFERROR(VLOOKUP($D21,PlayerDB!$F$2:$H313,3,FALSE),"") | G21: =IFERROR(VLOOKUP($D21,PlayerDB!$F$2:$I313,4,FALSE),"") | I21: =IFERROR(__xludf.DUMMYFUNCTION("JOIN("" | "",'Team Stats'!C$6:H$6)"),"0 | 0 | 0 | 0 | 0 | 0") -> 0 | 0 | 0 | 0 | 0 | 0 | J21: =IFERROR(__xludf.DUMMYFUNCTION("JOIN("" | "",'Team Stats'!I$6:K$6)"),"0 | 0 | 0") -> 0 | 0 | 0 | L21: =IFERROR(__xludf.DUMMYFUNCTION("""COMPUTED_VALUE"""),"Jake Elliott – PHI") -> Jake Elliott – PHI | M21: =IFERROR(VLOOKUP(L21,PlayerDB!$F$2:$G313,2,FALSE),"") -> 134 | N21: =IFERROR(VLOOKUP($L21,PlayerDB!$F$2:$H313,3,FALSE),"") -> K | P21: =IFERROR(__xludf.DUMMYFUNCTION("""COMPUTED_VALUE"""),"Trevor Lawrence – JAX") -> Trevor Lawrence – JAX | Q21: =IFERROR(VLOOKUP(P21,PlayerDB!$F$2:$G313,2,FALSE),"") -> 273.8
B22: 21 | C22: ='Teams & Draft Order'!$C$9 -> El Nino | E22: =IFERROR(VLOOKUP($D22,PlayerDB!$F$2:$G313,2,FALSE),"") | F22: =IFERROR(VLOOKUP($D22,PlayerDB!$F$2:$H313,3,FALSE),"") | G22: =IFERROR(VLOOKUP($D22,PlayerDB!$F$2:$I313,4,FALSE),"") | I22: =IFERROR(__xludf.DUMMYFUNCTION("JOIN("" | "",'Team Stats'!C$5:H$5)"),"0 | 0 | 0 | 0 | 0 | 0") -> 0 | 0 | 0 | 0 | 0 | 0 | J22: =IFERROR(__xludf.DUMMYFUNCTION("JOIN("" | "",'Team Stats'!I$5:K$5)"),"0 | 0 | 0") -> 0 | 0 | 0 | L22: =IFERROR(__xludf.DUMMYFUNCTION("""COMPUTED_VALUE"""),"Jahmyr Gibbs – DET") -> Jahmyr Gibbs – DET | M22: =IFERROR(VLOOKUP(L22,PlayerDB!$F$2:$G313,2,FALSE),"") -> 244 | N22: =IFERROR(VLOOKUP($L22,PlayerDB!$F$2:$H313,3,FALSE),"") -> RB | P22: =IFERROR(__xludf.DUMMYFUNCTION("""COMPUTED_VALUE"""),"Drake Maye – NE") -> Drake Maye – NE | Q22: =IFERROR(VLOOKUP(P22,PlayerDB!$F$2:$G313,2,FALSE),"") -> 270.8
B23: 22 | C23: ='Teams & Draft Order'!$C$8 -> Icelanders | E23: =IFERROR(VLOOKUP($D23,PlayerDB!$F$2:$G313,2,FALSE),"") | F23: =IFERROR(VLOOKUP($D23,PlayerDB!$F$2:$H313,3,FALSE),"") | G23: =IFERROR(VLOOKUP($D23,PlayerDB!$F$2:$I313,4,FALSE),"") | I23: =IFERROR(__xludf.DUMMYFUNCTION("JOIN("" | "",'Team Stats'!C$4:H$4)"),"0 | 0 | 0 | 0 | 0 | 0") -> 0 | 0 | 0 | 0 | 0 | 0 | J23: =IFERROR(__xludf.DUMMYFUNCTION("JOIN("" | "",'Team Stats'!I$4:K$4)"),"0 | 0 | 0") -> 0 | 0 | 0
B24: 23 | C24: ='Teams & Draft Order'!$C$7 -> Phantasm | E24: =IFERROR(VLOOKUP($D24,PlayerDB!$F$2:$G313,2,FALSE),"") | F24: =IFERROR(VLOOKUP($D24,PlayerDB!$F$2:$H313,3,FALSE),"") | G24: =IFERROR(VLOOKUP($D24,PlayerDB!$F$2:$I313,4,FALSE),"") | I24: =IFERROR(__xludf.DUMMYFUNCTION("JOIN("" | "",'Team Stats'!C$3:H$3)"),"0 | 0 | 0 | 0 | 0 | 0") -> 0 | 0 | 0 | 0 | 0 | 0 | J24: =IFERROR(__xludf.DUMMYFUNCTION("JOIN("" | "",'Team Stats'!I$3:K$3)"),"0 | 0 | 0") -> 0 | 0 | 0
B25: 24 | C25: ='Teams & Draft Order'!$C$6 -> Sleeper Cell | E25: =IFERROR(VLOOKUP($D25,PlayerDB!$F$2:$G313,2,FALSE),"") | F25: =IFERROR(VLOOKUP($D25,PlayerDB!$F$2:$H313,3,FALSE),"") | G25: =IFERROR(VLOOKUP($D25,PlayerDB!$F$2:$I313,4,FALSE),"") | I25: =IFERROR(__xludf.DUMMYFUNCTION("JOIN("" | "",'Team Stats'!C$2:H$2)"),"1 | 0 | 0 | 0 | 0 | 0") -> 1 | 0 | 0 | 0 | 0 | 0 | J25: =IFERROR(__xludf.DUMMYFUNCTION("JOIN("" | "",'Team Stats'!I$2:K$2)"),"0 | 0 | 0") -> 0 | 0 | 0
A26: Round 03 | B26: 25 | C26: ='Teams & Draft Order'!$C$6 -> Sleeper Cell | E26: =IFERROR(VLOOKUP($D26,PlayerDB!$F$2:$G313,2,FALSE),"") | F26: =IFERROR(VLOOKUP($D26,PlayerDB!$F$2:$H313,3,FALSE),"") | G26: =IFERROR(VLOOKUP($D26,PlayerDB!$F$2:$I313,4,FALSE),"") | I26: =IFERROR(__xludf.DUMMYFUNCTION("JOIN("" | "",'Team Stats'!C$2:H$2)"),"1 | 0 | 0 | 0 | 0 | 0") -> 1 | 0 | 0 | 0 | 0 | 0 | J26: =IFERROR(__xludf.DUMMYFUNCTION("JOIN("" | "",'Team Stats'!I$2:K$2)"),"0 | 0 | 0") -> 0 | 0 | 0 | L26: RB | M26: =COUNTIF(F:F,"RB") -> 0 | P26: WR | Q26: =COUNTIF(F:F,"WR") -> 0
B27: 26 | C27: ='Teams & Draft Order'!$C$7 -> Phantasm | E27: =IFERROR(VLOOKUP($D27,PlayerDB!$F$2:$G313,2,FALSE),"") | F27: =IFERROR(VLOOKUP($D27,PlayerDB!$F$2:$H313,3,FALSE),"") | G27: =IFERROR(VLOOKUP($D27,PlayerDB!$F$2:$I313,4,FALSE),"") | I27: =IFERROR(__xludf.DUMMYFUNCTION("JOIN("" | "",'Team Stats'!C$3:H$3)"),"0 | 0 | 0 | 0 | 0 | 0") -> 0 | 0 | 0 | 0 | 0 | 0 | J27: =IFERROR(__xludf.DUMMYFUNCTION("JOIN("" | "",'Team Stats'!I$3:K$3)"),"0 | 0 | 0") -> 0 | 0 | 0 | L27: =IFERROR(__xludf.DUMMYFUNCTION("QUERY(HELP_PlayersLeft!A2:B313, ""select A where B ='RB' LIMIT 20"")"),"Christian McCaffrey – SF") -> Christian McCaffrey – SF | M27: =IFERROR(VLOOKUP(L27,PlayerDB!$F$2:$G313,2,FALSE),"") -> 254 | P27: =IFERROR(__xludf.DUMMYFUNCTION("QUERY(HELP_PlayersLeft!A2:B313, ""select A where B ='WR' LIMIT 20"")"),"Ja'Marr Chase – CIN") -> Ja'Marr Chase – CIN | Q27: =IFERROR(VLOOKUP(P27,PlayerDB!$F$2:$G313,2,FALSE),"") -> 231.2
B28: 27 | C28: ='Teams & Draft Order'!$C$8 -> Icelanders | E28: =IFERROR(VLOOKUP($D28,PlayerDB!$F$2:$G313,2,FALSE),"") | F28: =IFERROR(VLOOKUP($D28,PlayerDB!$F$2:$H313,3,FALSE),"") | G28: =IFERROR(VLOOKUP($D28,PlayerDB!$F$2:$I313,4,FALSE),"") | I28: =IFERROR(__xludf.DUMMYFUNCTION("JOIN("" | "",'Team Stats'!C$4:H$4)"),"0 | 0 | 0 | 0 | 0 | 0") -> 0 | 0 | 0 | 0 | 0 | 0 | J28: =IFERROR(__xludf.DUMMYFUNCTION("JOIN("" | "",'Team Stats'!I$4:K$4)"),"0 | 0 | 0") -> 0 | 0 | 0 | L28: =IFERROR(__xludf.DUMMYFUNCTION("""COMPUTED_VALUE"""),"Derrick Henry – BAL") -> Derrick Henry – BAL | M28: =IFERROR(VLOOKUP(L28,PlayerDB!$F$2:$G313,2,FALSE),"") -> 253 | P28: =IFERROR(__xludf.DUMMYFUNCTION("""COMPUTED_VALUE"""),"Justin Jefferson – MIN") -> Justin Jefferson – MIN | Q28: =IFERROR(VLOOKUP(P28,PlayerDB!$F$2:$G313,2,FALSE),"") -> 205.2
B29: 28 | C29: ='Teams & Draft Order'!$C$9 -> El Nino | E29: =IFERROR(VLOOKUP($D29,PlayerDB!$F$2:$G313,2,FALSE),"") | F29: =IFERROR(VLOOKUP($D29,PlayerDB!$F$2:$H313,3,FALSE),"") | G29: =IFERROR(VLOOKUP($D29,PlayerDB!$F$2:$I313,4,FALSE),"") | I29: =IFERROR(__xludf.DUMMYFUNCTION("JOIN("" | "",'Team Stats'!C$5:H$5)"),"0 | 0 | 0 | 0 | 0 | 0") -> 0 | 0 | 0 | 0 | 0 | 0 | J29: =IFERROR(__xludf.DUMMYFUNCTION("JOIN("" | "",'Team Stats'!I$5:K$5)"),"0 | 0 | 0") -> 0 | 0 | 0 | L29: =IFERROR(__xludf.DUMMYFUNCTION("""COMPUTED_VALUE"""),"Saquon Barkley – PHI") -> Saquon Barkley – PHI | M29: =IFERROR(VLOOKUP(L29,PlayerDB!$F$2:$G313,2,FALSE),"") -> 231 | P29: =IFERROR(__xludf.DUMMYFUNCTION("""COMPUTED_VALUE"""),"CeeDee Lamb – DAL") -> CeeDee Lamb – DAL | Q29: =IFERROR(VLOOKUP(P29,PlayerDB!$F$2:$G313,2,FALSE),"") -> 193
B30: 29 | C30: ='Teams & Draft Order'!$C$10 -> Buttheads | E30: =IFERROR(VLOOKUP($D30,PlayerDB!$F$2:$G313,2,FALSE),"") | F30: =IFERROR(VLOOKUP($D30,PlayerDB!$F$2:$H313,3,FALSE),"") | G30: =IFERROR(VLOOKUP($D30,PlayerDB!$F$2:$I313,4,FALSE),"") | I30: =IFERROR(__xludf.DUMMYFUNCTION("JOIN("" | "",'Team Stats'!C$6:H$6)"),"0 | 0 | 0 | 0 | 0 | 0") -> 0 | 0 | 0 | 0 | 0 | 0 | J30: =IFERROR(__xludf.DUMMYFUNCTION("JOIN("" | "",'Team Stats'!I$6:K$6)"),"0 | 0 | 0") -> 0 | 0 | 0 | L30: =IFERROR(__xludf.DUMMYFUNCTION("""COMPUTED_VALUE"""),"Jahmyr Gibbs – DET") -> Jahmyr Gibbs – DET | M30: =IFERROR(VLOOKUP(L30,PlayerDB!$F$2:$G313,2,FALSE),"") -> 244 | P30: =IFERROR(__xludf.DUMMYFUNCTION("""COMPUTED_VALUE"""),"Puka Nacua – LAR") -> Puka Nacua – LAR | Q30: =IFERROR(VLOOKUP(P30,PlayerDB!$F$2:$G313,2,FALSE),"") -> 187.7
B31: 30 | C31: ='Teams & Draft Order'!$C$11 -> Big Boys Big Work | E31: =IFERROR(VLOOKUP($D31,PlayerDB!$F$2:$G313,2,FALSE),"") | F31: =IFERROR(VLOOKUP($D31,PlayerDB!$F$2:$H313,3,FALSE),"") | G31: =IFERROR(VLOOKUP($D31,PlayerDB!$F$2:$I313,4,FALSE),"") | I31: =IFERROR(__xludf.DUMMYFUNCTION("JOIN("" | "",'Team Stats'!C$7:H$7)"),"0 | 0 | 0 | 0 | 0 | 0") -> 0 | 0 | 0 | 0 | 0 | 0 | J31: =IFERROR(__xludf.DUMMYFUNCTION("JOIN("" | "",'Team Stats'!I$7:K$7)"),"0 | 0 | 0") -> 0 | 0 | 0 | L31: =IFERROR(__xludf.DUMMYFUNCTION("""COMPUTED_VALUE"""),"Jonathan Taylor – IND") -> Jonathan Taylor – IND | M31: =IFERROR(VLOOKUP(L31,PlayerDB!$F$2:$G313,2,FALSE),"") -> 224 | P31: =IFERROR(__xludf.DUMMYFUNCTION("""COMPUTED_VALUE"""),"Nico Collins – HOU") -> Nico Collins – HOU | Q31: =IFERROR(VLOOKUP(P31,PlayerDB!$F$2:$G313,2,FALSE),"") -> 183.6
B32: 31 | C32: ='Teams & Draft Order'!$C$12 -> Turbo-Ginz | E32: =IFERROR(VLOOKUP($D32,PlayerDB!$F$2:$G313,2,FALSE),"") | F32: =IFERROR(VLOOKUP($D32,PlayerDB!$F$2:$H313,3,FALSE),"") | G32: =IFERROR(VLOOKUP($D32,PlayerDB!$F$2:$I313,4,FALSE),"") | I32: =IFERROR(__xludf.DUMMYFUNCTION("JOIN("" | "",'Team Stats'!C$8:H$8)"),"0 | 0 | 0 | 0 | 0 | 0") -> 0 | 0 | 0 | 0 | 0 | 0 | J32: =IFERROR(__xludf.DUMMYFUNCTION("JOIN("" | "",'Team Stats'!I$8:K$8)"),"0 | 0 | 0") -> 0 | 0 | 0 | L32: =IFERROR(__xludf.DUMMYFUNCTION("""COMPUTED_VALUE"""),"Josh Jacobs – GB") -> Josh Jacobs – GB | M32: =IFERROR(VLOOKUP(L32,PlayerDB!$F$2:$G313,2,FALSE),"") -> 224 | P32: =IFERROR(__xludf.DUMMYFUNCTION("""COMPUTED_VALUE"""),"Malik Nabers – NYG") -> Malik Nabers – NYG | Q32: =IFERROR(VLOOKUP(P32,PlayerDB!$F$2:$G313,2,FALSE),"") -> 183.3
B33: 32 | C33: ='Teams & Draft Order'!$C$13 -> Luddite | E33: =IFERROR(VLOOKUP($D33,PlayerDB!$F$2:$G313,2,FALSE),"") | F33: =IFERROR(VLOOKUP($D33,PlayerDB!$F$2:$H313,3,FALSE),"") | G33: =IFERROR(VLOOKUP($D33,PlayerDB!$F$2:$I313,4,FALSE),"") | I33: =IFERROR(__xludf.DUMMYFUNCTION("JOIN("" | "",'Team Stats'!C$9:H$9)"),"0 | 0 | 0 | 0 | 0 | 0") -> 0 | 0 | 0 | 0 | 0 | 0 | J33: =IFERROR(__xludf.DUMMYFUNCTION("JOIN("" | "",'Team Stats'!I$9:K$9)"),"0 | 0 | 0") -> 0 | 0 | 0 | L33: =IFERROR(__xludf.DUMMYFUNCTION("""COMPUTED_VALUE"""),"Ashton Jeanty – LV") -> Ashton Jeanty – LV | M33: =IFERROR(VLOOKUP(L33,PlayerDB!$F$2:$G313,2,FALSE),"") -> 222 | P33: =IFERROR(__xludf.DUMMYFUNCTION("""COMPUTED_VALUE"""),"Brian Thomas Jr. – JAX") -> Brian Thomas Jr. – JAX | Q33: =IFERROR(VLOOKUP(P33,PlayerDB!$F$2:$G313,2,FALSE),"") -> 181.4
B34: 33 | C34: ='Teams & Draft Order'!$C$14 -> Achaians | E34: =IFERROR(VLOOKUP($D34,PlayerDB!$F$2:$G313,2,FALSE),"") | F34: =IFERROR(VLOOKUP($D34,PlayerDB!$F$2:$H313,3,FALSE),"") | G34: =IFERROR(VLOOKUP($D34,PlayerDB!$F$2:$I313,4,FALSE),"") | I34: =IFERROR(__xludf.DUMMYFUNCTION("JOIN("" | "",'Team Stats'!C$10:H$10)"),"0 | 0 | 0 | 0 | 0 | 0") -> 0 | 0 | 0 | 0 | 0 | 0 | J34: =IFERROR(__xludf.DUMMYFUNCTION("JOIN("" | "",'Team Stats'!I$10:K$10)"),"0 | 0 | 0") -> 0 | 0 | 0 | L34: =IFERROR(__xludf.DUMMYFUNCTION("""COMPUTED_VALUE"""),"Kyren Williams – LAR") -> Kyren Williams – LAR | M34: =IFERROR(VLOOKUP(L34,PlayerDB!$F$2:$G313,2,FALSE),"") -> 215 | P34: =IFERROR(__xludf.DUMMYFUNCTION("""COMPUTED_VALUE"""),"Amon-Ra St. Brown – DET") -> Amon-Ra St. Brown – DET | Q34: =IFERROR(VLOOKUP(P34,PlayerDB!$F$2:$G313,2,FALSE),"") -> 180.8
B35: 34 | C35: ='Teams & Draft Order'!$C$15 -> Daddy's Dogs | E35: =IFERROR(VLOOKUP($D35,PlayerDB!$F$2:$G313,2,FALSE),"") | F35: =IFERROR(VLOOKUP($D35,PlayerDB!$F$2:$H313,3,FALSE),"") | G35: =IFERROR(VLOOKUP($D35,PlayerDB!$F$2:$I313,4,FALSE),"") | I35: =IFERROR(__xludf.DUMMYFUNCTION("JOIN("" | "",'Team Stats'!C$11:H$11)"),"0 | 0 | 0 | 0 | 0 | 0") -> 0 | 0 | 0 | 0 | 0 | 0 | J35: =IFERROR(__xludf.DUMMYFUNCTION("JOIN("" | "",'Team Stats'!I$11:K$11)"),"0 | 0 | 0") -> 0 | 0 | 0 | L35: =IFERROR(__xludf.DUMMYFUNCTION("""COMPUTED_VALUE"""),"De'Von Achane – MIA") -> De'Von Achane – MIA | M35: =IFERROR(VLOOKUP(L35,PlayerDB!$F$2:$G313,2,FALSE),"") -> 212 | P35: =IFERROR(__xludf.DUMMYFUNCTION("""COMPUTED_VALUE"""),"A.J. Brown – PHI") -> A.J. Brown – PHI | Q35: =IFERROR(VLOOKUP(P35,PlayerDB!$F$2:$G313,2,FALSE),"") -> 172.8
B36: 35 | C36: ='Teams & Draft Order'!$C$16 -> TDs and Beers | E36: =IFERROR(VLOOKUP($D36,PlayerDB!$F$2:$G313,2,FALSE),"") | F36: =IFERROR(VLOOKUP($D36,PlayerDB!$F$2:$H313,3,FALSE),"") | G36: =IFERROR(VLOOKUP($D36,PlayerDB!$F$2:$I313,4,FALSE),"") | I36: =IFERROR(__xludf.DUMMYFUNCTION("JOIN("" | "",'Team Stats'!C$12:H$12)"),"0 | 0 | 0 | 0 | 0 | 0") -> 0 | 0 | 0 | 0 | 0 | 0 | J36: =IFERROR(__xludf.DUMMYFUNCTION("JOIN("" | "",'Team Stats'!I$12:K$12)"),"0 | 0 | 0") -> 0 | 0 | 0 | L36: =IFERROR(__xludf.DUMMYFUNCTION("""COMPUTED_VALUE"""),"Bucky Irving – TB") -> Bucky Irving – TB | M36: =IFERROR(VLOOKUP(L36,PlayerDB!$F$2:$G313,2,FALSE),"") -> 210 | P36: =IFERROR(__xludf.DUMMYFUNCTION("""COMPUTED_VALUE"""),"Tyreek Hill – MIA") -> Tyreek Hill – MIA | Q36: =IFERROR(VLOOKUP(P36,PlayerDB!$F$2:$G313,2,FALSE),"") -> 168.5
B37: 36 | C37: ='Teams & Draft Order'!$C$17 -> DD Riders | E37: =IFERROR(VLOOKUP($D37,PlayerDB!$F$2:$G313,2,FALSE),"") | F37: =IFERROR(VLOOKUP($D37,PlayerDB!$F$2:$H313,3,FALSE),"") | G37: =IFERROR(VLOOKUP($D37,PlayerDB!$F$2:$I313,4,FALSE),"") | I37: =IFERROR(__xludf.DUMMYFUNCTION("JOIN("" | "",'Team Stats'!C$13:H$13)"),"0 | 0 | 0 | 0 | 0 | 0") -> 0 | 0 | 0 | 0 | 0 | 0 | J37: =IFERROR(__xludf.DUMMYFUNCTION("JOIN("" | "",'Team Stats'!I$13:K$13)"),"0 | 0 | 0") -> 0 | 0 | 0 | L37: =IFERROR(__xludf.DUMMYFUNCTION("""COMPUTED_VALUE"""),"James Cook – BUF") -> James Cook – BUF | M37: =IFERROR(VLOOKUP(L37,PlayerDB!$F$2:$G313,2,FALSE),"") -> 195 | P37: =IFERROR(__xludf.DUMMYFUNCTION("""COMPUTED_VALUE"""),"Drake London – ATL") -> Drake London – ATL | Q37: =IFERROR(VLOOKUP(P37,PlayerDB!$F$2:$G313,2,FALSE),"") -> 167.1
A38: Round 04 | B38: 37 | C38: ='Teams & Draft Order'!$C$17 -> DD Riders | E38: =IFERROR(VLOOKUP($D38,PlayerDB!$F$2:$G313,2,FALSE),"") | F38: =IFERROR(VLOOKUP($D38,PlayerDB!$F$2:$H313,3,FALSE),"") | G38: =IFERROR(VLOOKUP($D38,PlayerDB!$F$2:$I313,4,FALSE),"") | I38: =IFERROR(__xludf.DUMMYFUNCTION("JOIN("" | "",'Team Stats'!C$13:H$13)"),"0 | 0 | 0 | 0 | 0 | 0") -> 0 | 0 | 0 | 0 | 0 | 0 | J38: =IFERROR(__xludf.DUMMYFUNCTION("JOIN("" | "",'Team Stats'!I$13:K$13)"),"0 | 0 | 0") -> 0 | 0 | 0 | L38: =IFERROR(__xludf.DUMMYFUNCTION("""COMPUTED_VALUE"""),"Chase Brown – CIN") -> Chase Brown – CIN | M38: =IFERROR(VLOOKUP(L38,PlayerDB!$F$2:$G313,2,FALSE),"") -> 186 | P38: =IFERROR(__xludf.DUMMYFUNCTION("""COMPUTED_VALUE"""),"Ladd McConkey – LAC") -> Ladd McConkey – LAC | Q38: =IFERROR(VLOOKUP(P38,PlayerDB!$F$2:$G313,2,FALSE),"") -> 165.4
B39: 38 | C39: ='Teams & Draft Order'!$C$16 -> TDs and Beers | E39: =IFERROR(VLOOKUP($D39,PlayerDB!$F$2:$G313,2,FALSE),"") | F39: =IFERROR(VLOOKUP($D39,PlayerDB!$F$2:$H313,3,FALSE),"") | G39: =IFERROR(VLOOKUP($D39,PlayerDB!$F$2:$I313,4,FALSE),"") | I39: =IFERROR(__xludf.DUMMYFUNCTION("JOIN("" | "",'Team Stats'!C$12:H$12)"),"0 | 0 | 0 | 0 | 0 | 0") -> 0 | 0 | 0 | 0 | 0 | 0 | J39: =IFERROR(__xludf.DUMMYFUNCTION("JOIN("" | "",'Team Stats'!I$12:K$12)"),"0 | 0 | 0") -> 0 | 0 | 0 | L39: =IFERROR(__xludf.DUMMYFUNCTION("""COMPUTED_VALUE"""),"Omarion Hampton – LAC") -> Omarion Hampton – LAC | M39: =IFERROR(VLOOKUP(L39,PlayerDB!$F$2:$G313,2,FALSE),"") -> 177 | P39: =IFERROR(__xludf.DUMMYFUNCTION("""COMPUTED_VALUE"""),"Mike Evans – TB") -> Mike Evans – TB | Q39: =IFERROR(VLOOKUP(P39,PlayerDB!$F$2:$G313,2,FALSE),"") -> 164.5
B40: 39 | C40: ='Teams & Draft Order'!$C$15 -> Daddy's Dogs | E40: =IFERROR(VLOOKUP($D40,PlayerDB!$F$2:$G313,2,FALSE),"") | F40: =IFERROR(VLOOKUP($D40,PlayerDB!$F$2:$H313,3,FALSE),"") | G40: =IFERROR(VLOOKUP($D40,PlayerDB!$F$2:$I313,4,FALSE),"") | I40: =IFERROR(__xludf.DUMMYFUNCTION("JOIN("" | "",'Team Stats'!C$11:H$11)"),"0 | 0 | 0 | 0 | 0 | 0") -> 0 | 0 | 0 | 0 | 0 | 0 | J40: =IFERROR(__xludf.DUMMYFUNCTION("JOIN("" | "",'Team Stats'!I$11:K$11)"),"0 | 0 | 0") -> 0 | 0 | 0 | L40: =IFERROR(__xludf.DUMMYFUNCTION("""COMPUTED_VALUE"""),"Kenneth Walker III – SEA") -> Kenneth Walker III – SEA | M40: =IFERROR(VLOOKUP(L40,PlayerDB!$F$2:$G313,2,FALSE),"") -> 180 | P40: =IFERROR(__xludf.DUMMYFUNCTION("""COMPUTED_VALUE"""),"Tee Higgins – CIN") -> Tee Higgins – CIN | Q40: =IFERROR(VLOOKUP(P40,PlayerDB!$F$2:$G313,2,FALSE),"") -> 161.1
B41: 40 | C41: ='Teams & Draft Order'!$C$14 -> Achaians | E41: =IFERROR(VLOOKUP($D41,PlayerDB!$F$2:$G313,2,FALSE),"") | F41: =IFERROR(VLOOKUP($D41,PlayerDB!$F$2:$H313,3,FALSE),"") | G41: =IFERROR(VLOOKUP($D41,PlayerDB!$F$2:$I313,4,FALSE),"") | I41: =IFERROR(__xludf.DUMMYFUNCTION("JOIN("" | "",'Team Stats'!C$10:H$10)"),"0 | 0 | 0 | 0 | 0 | 0") -> 0 | 0 | 0 | 0 | 0 | 0 | J41: =IFERROR(__xludf.DUMMYFUNCTION("JOIN("" | "",'Team Stats'!I$10:K$10)"),"0 | 0 | 0") -> 0 | 0 | 0 | L41: =IFERROR(__xludf.DUMMYFUNCTION("""COMPUTED_VALUE"""),"Breece Hall – NYJ") -> Breece Hall – NYJ | M41: =IFERROR(VLOOKUP(L41,PlayerDB!$F$2:$G313,2,FALSE),"") -> 183 | P41: =IFERROR(__xludf.DUMMYFUNCTION("""COMPUTED_VALUE"""),"Terry McLaurin – WAS") -> Terry McLaurin – WAS | Q41: =IFERROR(VLOOKUP(P41,PlayerDB!$F$2:$G313,2,FALSE),"") -> 160.9
B42: 41 | C42: ='Teams & Draft Order'!$C$13 -> Luddite | E42: =IFERROR(VLOOKUP($D42,PlayerDB!$F$2:$G313,2,FALSE),"") | F42: =IFERROR(VLOOKUP($D42,PlayerDB!$F$2:$H313,3,FALSE),"") | G42: =IFERROR(VLOOKUP($D42,PlayerDB!$F$2:$I313,4,FALSE),"") | I42: =IFERROR(__xludf.DUMMYFUNCTION("JOIN("" | "",'Team Stats'!C$9:H$9)"),"0 | 0 | 0 | 0 | 0 | 0") -> 0 | 0 | 0 | 0 | 0 | 0 | J42: =IFERROR(__xludf.DUMMYFUNCTION("JOIN("" | "",'Team Stats'!I$9:K$9)"),"0 | 0 | 0") -> 0 | 0 | 0 | L42: =IFERROR(__xludf.DUMMYFUNCTION("""COMPUTED_VALUE"""),"Chuba Hubbard – CAR") -> Chuba Hubbard – CAR | M42: =IFERROR(VLOOKUP(L42,PlayerDB!$F$2:$G313,2,FALSE),"") -> 176 | P42: =IFERROR(__xludf.DUMMYFUNCTION("""COMPUTED_VALUE"""),"Davante Adams – LAR") -> Davante Adams – LAR | Q42: =IFERROR(VLOOKUP(P42,PlayerDB!$F$2:$G313,2,FALSE),"") -> 159.2
B43: 42 | C43: ='Teams & Draft Order'!$C$12 -> Turbo-Ginz | E43: =IFERROR(VLOOKUP($D43,PlayerDB!$F$2:$G313,2,FALSE),"") | F43: =IFERROR(VLOOKUP($D43,PlayerDB!$F$2:$H313,3,FALSE),"") | G43: =IFERROR(VLOOKUP($D43,PlayerDB!$F$2:$I313,4,FALSE),"") | I43: =IFERROR(__xludf.DUMMYFUNCTION("JOIN("" | "",'Team Stats'!C$8:H$8)"),"0 | 0 | 0 | 0 | 0 | 0") -> 0 | 0 | 0 | 0 | 0 | 0 | J43: =IFERROR(__xludf.DUMMYFUNCTION("JOIN("" | "",'Team Stats'!I$8:K$8)"),"0 | 0 | 0") -> 0 | 0 | 0 | L43: =IFERROR(__xludf.DUMMYFUNCTION("""COMPUTED_VALUE"""),"James Conner – ARI") -> James Conner – ARI | M43: =IFERROR(VLOOKUP(L43,PlayerDB!$F$2:$G313,2,FALSE),"") -> 177 | P43: =IFERROR(__xludf.DUMMYFUNCTION("""COMPUTED_VALUE"""),"Marvin Harrison Jr. – ARI") -> Marvin Harrison Jr. – ARI | Q43: =IFERROR(VLOOKUP(P43,PlayerDB!$F$2:$G313,2,FALSE),"") -> 154.5
B44: 43 | C44: ='Teams & Draft Order'!$C$11 -> Big Boys Big Work | E44: =IFERROR(VLOOKUP($D44,PlayerDB!$F$2:$G313,2,FALSE),"") | F44: =IFERROR(VLOOKUP($D44,PlayerDB!$F$2:$H313,3,FALSE),"") | G44: =IFERROR(VLOOKUP($D44,PlayerDB!$F$2:$I313,4,FALSE),"") | I44: =IFERROR(__xludf.DUMMYFUNCTION("JOIN("" | "",'Team Stats'!C$7:H$7)"),"0 | 0 | 0 | 0 | 0 | 0") -> 0 | 0 | 0 | 0 | 0 | 0 | J44: =IFERROR(__xludf.DUMMYFUNCTION("JOIN("" | "",'Team Stats'!I$7:K$7)"),"0 | 0 | 0") -> 0 | 0 | 0 | L44: =IFERROR(__xludf.DUMMYFUNCTION("""COMPUTED_VALUE"""),"Alvin Kamara – NO") -> Alvin Kamara – NO | M44: =IFERROR(VLOOKUP(L44,PlayerDB!$F$2:$G313,2,FALSE),"") -> 174 | P44: =IFERROR(__xludf.DUMMYFUNCTION("""COMPUTED_VALUE"""),"DK Metcalf – PIT") -> DK Metcalf – PIT | Q44: =IFERROR(VLOOKUP(P44,PlayerDB!$F$2:$G313,2,FALSE),"") -> 151.9
B45: 44 | C45: ='Teams & Draft Order'!$C$10 -> Buttheads | E45: =IFERROR(VLOOKUP($D45,PlayerDB!$F$2:$G313,2,FALSE),"") | F45: =IFERROR(VLOOKUP($D45,PlayerDB!$F$2:$H313,3,FALSE),"") | G45: =IFERROR(VLOOKUP($D45,PlayerDB!$F$2:$I313,4,FALSE),"") | I45: =IFERROR(__xludf.DUMMYFUNCTION("JOIN("" | "",'Team Stats'!C$6:H$6)"),"0 | 0 | 0 | 0 | 0 | 0") -> 0 | 0 | 0 | 0 | 0 | 0 | J45: =IFERROR(__xludf.DUMMYFUNCTION("JOIN("" | "",'Team Stats'!I$6:K$6)"),"0 | 0 | 0") -> 0 | 0 | 0 | L45: =IFERROR(__xludf.DUMMYFUNCTION("""COMPUTED_VALUE"""),"David Montgomery – DET") -> David Montgomery – DET | M45: =IFERROR(VLOOKUP(L45,PlayerDB!$F$2:$G313,2,FALSE),"") -> 159 | P45: =IFERROR(__xludf.DUMMYFUNCTION("""COMPUTED_VALUE"""),"Jaxon Smith-Njigba – SEA") -> Jaxon Smith-Njigba – SEA | Q45: =IFERROR(VLOOKUP(P45,PlayerDB!$F$2:$G313,2,FALSE),"") -> 151.5
B46: 45 | C46: ='Teams & Draft Order'!$C$9 -> El Nino | E46: =IFERROR(VLOOKUP($D46,PlayerDB!$F$2:$G313,2,FALSE),"") | F46: =IFERROR(VLOOKUP($D46,PlayerDB!$F$2:$H313,3,FALSE),"") | G46: =IFERROR(VLOOKUP($D46,PlayerDB!$F$2:$I313,4,FALSE),"") | I46: =IFERROR(__xludf.DUMMYFUNCTION("JOIN("" | "",'Team Stats'!C$5:H$5)"),"0 | 0 | 0 | 0 | 0 | 0") -> 0 | 0 | 0 | 0 | 0 | 0 | J46: =IFERROR(__xludf.DUMMYFUNCTION("JOIN("" | "",'Team Stats'!I$5:K$5)"),"0 | 0 | 0") -> 0 | 0 | 0 | L46: =IFERROR(__xludf.DUMMYFUNCTION("""COMPUTED_VALUE"""),"Isiah Pacheco – KC") -> Isiah Pacheco – KC | M46: =IFERROR(VLOOKUP(L46,PlayerDB!$F$2:$G313,2,FALSE),"") -> 146 | P46: =IFERROR(__xludf.DUMMYFUNCTION("""COMPUTED_VALUE"""),"Zay Flowers – BAL") -> Zay Flowers – BAL | Q46: =IFERROR(VLOOKUP(P46,PlayerDB!$F$2:$G313,2,FALSE),"") -> 145.2
B47: 46 | C47: ='Teams & Draft Order'!$C$8 -> Icelanders | E47: =IFERROR(VLOOKUP($D47,PlayerDB!$F$2:$G313,2,FALSE),"") | F47: =IFERROR(VLOOKUP($D47,PlayerDB!$F$2:$H313,3,FALSE),"") | G47: =IFERROR(VLOOKUP($D47,PlayerDB!$F$2:$I313,4,FALSE),"") | I47: =IFERROR(__xludf.DUMMYFUNCTION("JOIN("" | "",'Team Stats'!C$4:H$4)"),"0 | 0 | 0 | 0 | 0 | 0") -> 0 | 0 | 0 | 0 | 0 | 0 | J47: =IFERROR(__xludf.DUMMYFUNCTION("JOIN("" | "",'Team Stats'!I$4:K$4)"),"0 | 0 | 0") -> 0 | 0 | 0
B48: 47 | C48: ='Teams & Draft Order'!$C$7 -> Phantasm | E48: =IFERROR(VLOOKUP($D48,PlayerDB!$F$2:$G313,2,FALSE),"") | F48: =IFERROR(VLOOKUP($D48,PlayerDB!$F$2:$H313,3,FALSE),"") | G48: =IFERROR(VLOOKUP($D48,PlayerDB!$F$2:$I313,4,FALSE),"") | I48: =IFERROR(__xludf.DUMMYFUNCTION("JOIN("" | "",'Team Stats'!C$3:H$3)"),"0 | 0 | 0 | 0 | 0 | 0") -> 0 | 0 | 0 | 0 | 0 | 0 | J48: =IFERROR(__xludf.DUMMYFUNCTION("JOIN("" | "",'Team Stats'!I$3:K$3)"),"0 | 0 | 0") -> 0 | 0 | 0
B49: 48 | C49: ='Teams & Draft Order'!$C$6 -> Sleeper Cell | E49: =IFERROR(VLOOKUP($D49,PlayerDB!$F$2:$G313,2,FALSE),"") | F49: =IFERROR(VLOOKUP($D49,PlayerDB!$F$2:$H313,3,FALSE),"") | G49: =IFERROR(VLOOKUP($D49,PlayerDB!$F$2:$I313,4,FALSE),"") | I49: =IFERROR(__xludf.DUMMYFUNCTION("JOIN("" | "",'Team Stats'!C$2:H$2)"),"1 | 0 | 0 | 0 | 0 | 0") -> 1 | 0 | 0 | 0 | 0 | 0 | J49: =IFERROR(__xludf.DUMMYFUNCTION("JOIN("" | "",'Team Stats'!I$2:K$2)"),"0 | 0 | 0") -> 0 | 0 | 0
A50: Round 05 | B50: 49 | C50: ='Teams & Draft Order'!$C$6 -> Sleeper Cell | E50: =IFERROR(VLOOKUP($D50,PlayerDB!$F$2:$G313,2,FALSE),"") | F50: =IFERROR(VLOOKUP($D50,PlayerDB!$F$2:$H313,3,FALSE),"") | G50: =IFERROR(VLOOKUP($D50,PlayerDB!$F$2:$I313,4,FALSE),"") | I50: =IFERROR(__xludf.DUMMYFUNCTION("JOIN("" | "",'Team Stats'!C$2:H$2)"),"1 | 0 | 0 | 0 | 0 | 0") -> 1 | 0 | 0 | 0 | 0 | 0 | J50: =IFERROR(__xludf.DUMMYFUNCTION("JOIN("" | "",'Team Stats'!I$2:K$2)"),"0 | 0 | 0") -> 0 | 0 | 0 | L50: TE | M50: =COUNTIF(F:F,"TE") -> 0 | P50: K | Q50: =COUNTIF(F:F,"K") -> 0
B51: 50 | C51: ='Teams & Draft Order'!$C$7 -> Phantasm | E51: =IFERROR(VLOOKUP($D51,PlayerDB!$F$2:$G313,2,FALSE),"") | F51: =IFERROR(VLOOKUP($D51,PlayerDB!$F$2:$H313,3,FALSE),"") | G51: =IFERROR(VLOOKUP($D51,PlayerDB!$F$2:$I313,4,FALSE),"") | I51: =IFERROR(__xludf.DUMMYFUNCTION("JOIN("" | "",'Team Stats'!C$3:H$3)"),"0 | 0 | 0 | 0 | 0 | 0") -> 0 | 0 | 0 | 0 | 0 | 0 | J51: =IFERROR(__xludf.DUMMYFUNCTION("JOIN("" | "",'Team Stats'!I$3:K$3)"),"0 | 0 | 0") -> 0 | 0 | 0 | L51: =IFERROR(__xludf.DUMMYFUNCTION("QUERY(HELP_PlayersLeft!A2:B313, ""select A where B ='TE' LIMIT 20"")"),"Brock Bowers – LV") -> Brock Bowers – LV | M51: =IFERROR(VLOOKUP(L51,PlayerDB!$F$2:$G313,2,FALSE),"") -> 149.7 | P51: =IFERROR(__xludf.DUMMYFUNCTION("QUERY(HELP_PlayersLeft!A2:B313, ""select A where B ='K' LIMIT 20"")"),"Brandon Aubrey – DAL") -> Brandon Aubrey – DAL | Q51: =IFERROR(VLOOKUP(P51,PlayerDB!$F$2:$G313,2,FALSE),"") -> 140
B52: 51 | C52: ='Teams & Draft Order'!$C$8 -> Icelanders | E52: =IFERROR(VLOOKUP($D52,PlayerDB!$F$2:$G313,2,FALSE),"") | F52: =IFERROR(VLOOKUP($D52,PlayerDB!$F$2:$H313,3,FALSE),"") | G52: =IFERROR(VLOOKUP($D52,PlayerDB!$F$2:$I313,4,FALSE),"") | I52: =IFERROR(__xludf.DUMMYFUNCTION("JOIN("" | "",'Team Stats'!C$4:H$4)"),"0 | 0 | 0 | 0 | 0 | 0") -> 0 | 0 | 0 | 0 | 0 | 0 | J52: =IFERROR(__xludf.DUMMYFUNCTION("JOIN("" | "",'Team Stats'!I$4:K$4)"),"0 | 0 | 0") -> 0 | 0 | 0 | L52: =IFERROR(__xludf.DUMMYFUNCTION("""COMPUTED_VALUE"""),"George Kittle – SF") -> George Kittle – SF | M52: =IFERROR(VLOOKUP(L52,PlayerDB!$F$2:$G313,2,FALSE),"") -> 147.6 | P52: =IFERROR(__xludf.DUMMYFUNCTION("""COMPUTED_VALUE"""),"Chase McLaughlin – TB") -> Chase McLaughlin – TB | Q52: =IFERROR(VLOOKUP(P52,PlayerDB!$F$2:$G313,2,FALSE),"") -> 136
B53: 52 | C53: ='Teams & Draft Order'!$C$9 -> El Nino | E53: =IFERROR(VLOOKUP($D53,PlayerDB!$F$2:$G313,2,FALSE),"") | F53: =IFERROR(VLOOKUP($D53,PlayerDB!$F$2:$H313,3,FALSE),"") | G53: =IFERROR(VLOOKUP($D53,PlayerDB!$F$2:$I313,4,FALSE),"") | I53: =IFERROR(__xludf.DUMMYFUNCTION("JOIN("" | "",'Team Stats'!C$5:H$5)"),"0 | 0 | 0 | 0 | 0 | 0") -> 0 | 0 | 0 | 0 | 0 | 0 | J53: =IFERROR(__xludf.DUMMYFUNCTION("JOIN("" | "",'Team Stats'!I$5:K$5)"),"0 | 0 | 0") -> 0 | 0 | 0 | L53: =IFERROR(__xludf.DUMMYFUNCTION("""COMPUTED_VALUE"""),"Trey McBride – ARI") -> Trey McBride – ARI | M53: =IFERROR(VLOOKUP(L53,PlayerDB!$F$2:$G313,2,FALSE),"") -> 139.4 | P53: =IFERROR(__xludf.DUMMYFUNCTION("""COMPUTED_VALUE"""),"Cameron Dicker – LAC") -> Cameron Dicker – LAC | Q53: =IFERROR(VLOOKUP(P53,PlayerDB!$F$2:$G313,2,FALSE),"") -> 135
B54: 53 | C54: ='Teams & Draft Order'!$C$10 -> Buttheads | E54: =IFERROR(VLOOKUP($D54,PlayerDB!$F$2:$G313,2,FALSE),"") | F54: =IFERROR(VLOOKUP($D54,PlayerDB!$F$2:$H313,3,FALSE),"") | G54: =IFERROR(VLOOKUP($D54,PlayerDB!$F$2:$I313,4,FALSE),"") | I54: =IFERROR(__xludf.DUMMYFUNCTION("JOIN("" | "",'Team Stats'!C$6:H$6)"),"0 | 0 | 0 | 0 | 0 | 0") -> 0 | 0 | 0 | 0 | 0 | 0 | J54: =IFERROR(__xludf.DUMMYFUNCTION("JOIN("" | "",'Team Stats'!I$6:K$6)"),"0 | 0 | 0") -> 0 | 0 | 0 | L54: =IFERROR(__xludf.DUMMYFUNCTION("""COMPUTED_VALUE"""),"Mark Andrews – BAL") -> Mark Andrews – BAL | M54: =IFERROR(VLOOKUP(L54,PlayerDB!$F$2:$G313,2,FALSE),"") -> 117.3 | P54: =IFERROR(__xludf.DUMMYFUNCTION("""COMPUTED_VALUE"""),"Jake Elliott – PHI") -> Jake Elliott – PHI | Q54: =IFERROR(VLOOKUP(P54,PlayerDB!$F$2:$G313,2,FALSE),"") -> 134
B55: 54 | C55: ='Teams & Draft Order'!$C$11 -> Big Boys Big Work | E55: =IFERROR(VLOOKUP($D55,PlayerDB!$F$2:$G313,2,FALSE),"") | F55: =IFERROR(VLOOKUP($D55,PlayerDB!$F$2:$H313,3,FALSE),"") | G55: =IFERROR(VLOOKUP($D55,PlayerDB!$F$2:$I313,4,FALSE),"") | I55: =IFERROR(__xludf.DUMMYFUNCTION("JOIN("" | "",'Team Stats'!C$7:H$7)"),"0 | 0 | 0 | 0 | 0 | 0") -> 0 | 0 | 0 | 0 | 0 | 0 | J55: =IFERROR(__xludf.DUMMYFUNCTION("JOIN("" | "",'Team Stats'!I$7:K$7)"),"0 | 0 | 0") -> 0 | 0 | 0 | L55: =IFERROR(__xludf.DUMMYFUNCTION("""COMPUTED_VALUE"""),"Sam LaPorta – DET") -> Sam LaPorta – DET | M55: =IFERROR(VLOOKUP(L55,PlayerDB!$F$2:$G313,2,FALSE),"") -> 115.6 | P55: =IFERROR(__xludf.DUMMYFUNCTION("""COMPUTED_VALUE"""),"Matt Gay – WAS") -> Matt Gay – WAS | Q55: =IFERROR(VLOOKUP(P55,PlayerDB!$F$2:$G313,2,FALSE),"") -> 134
B56: 55 | C56: ='Teams & Draft Order'!$C$12 -> Turbo-Ginz | E56: =IFERROR(VLOOKUP($D56,PlayerDB!$F$2:$G313,2,FALSE),"") | F56: =IFERROR(VLOOKUP($D56,PlayerDB!$F$2:$H313,3,FALSE),"") | G56: =IFERROR(VLOOKUP($D56,PlayerDB!$F$2:$I313,4,FALSE),"") | I56: =IFERROR(__xludf.DUMMYFUNCTION("JOIN("" | "",'Team Stats'!C$8:H$8)"),"0 | 0 | 0 | 0 | 0 | 0") -> 0 | 0 | 0 | 0 | 0 | 0 | J56: =IFERROR(__xludf.DUMMYFUNCTION("JOIN("" | "",'Team Stats'!I$8:K$8)"),"0 | 0 | 0") -> 0 | 0 | 0 | L56: =IFERROR(__xludf.DUMMYFUNCTION("""COMPUTED_VALUE"""),"T.J. Hockenson – MIN") -> T.J. Hockenson – MIN | M56: =IFERROR(VLOOKUP(L56,PlayerDB!$F$2:$G313,2,FALSE),"") -> 106.5 | P56: =IFERROR(__xludf.DUMMYFUNCTION("""COMPUTED_VALUE"""),"Jake Bates – DET") -> Jake Bates – DET | Q56: =IFERROR(VLOOKUP(P56,PlayerDB!$F$2:$G313,2,FALSE),"") -> 132
B57: 56 | C57: ='Teams & Draft Order'!$C$13 -> Luddite | E57: =IFERROR(VLOOKUP($D57,PlayerDB!$F$2:$G313,2,FALSE),"") | F57: =IFERROR(VLOOKUP($D57,PlayerDB!$F$2:$H313,3,FALSE),"") | G57: =IFERROR(VLOOKUP($D57,PlayerDB!$F$2:$I313,4,FALSE),"") | I57: =IFERROR(__xludf.DUMMYFUNCTION("JOIN("" | "",'Team Stats'!C$9:H$9)"),"0 | 0 | 0 | 0 | 0 | 0") -> 0 | 0 | 0 | 0 | 0 | 0 | J57: =IFERROR(__xludf.DUMMYFUNCTION("JOIN("" | "",'Team Stats'!I$9:K$9)"),"0 | 0 | 0") -> 0 | 0 | 0 | L57: =IFERROR(__xludf.DUMMYFUNCTION("""COMPUTED_VALUE"""),"Travis Kelce – KC") -> Travis Kelce – KC | M57: =IFERROR(VLOOKUP(L57,PlayerDB!$F$2:$G313,2,FALSE),"") -> 105.9 | P57: =IFERROR(__xludf.DUMMYFUNCTION("""COMPUTED_VALUE"""),"Chris Boswell – PIT") -> Chris Boswell – PIT | Q57: =IFERROR(VLOOKUP(P57,PlayerDB!$F$2:$G313,2,FALSE),"") -> 132
B58: 57 | C58: ='Teams & Draft Order'!$C$14 -> Achaians | E58: =IFERROR(VLOOKUP($D58,PlayerDB!$F$2:$G313,2,FALSE),"") | F58: =IFERROR(VLOOKUP($D58,PlayerDB!$F$2:$H313,3,FALSE),"") | G58: =IFERROR(VLOOKUP($D58,PlayerDB!$F$2:$I313,4,FALSE),"") | I58: =IFERROR(__xludf.DUMMYFUNCTION("JOIN("" | "",'Team Stats'!C$10:H$10)"),"0 | 0 | 0 | 0 | 0 | 0") -> 0 | 0 | 0 | 0 | 0 | 0 | J58: =IFERROR(__xludf.DUMMYFUNCTION("JOIN("" | "",'Team Stats'!I$10:K$10)"),"0 | 0 | 0") -> 0 | 0 | 0 | L58: =IFERROR(__xludf.DUMMYFUNCTION("""COMPUTED_VALUE"""),"David Njoku – CLE") -> David Njoku – CLE | M58: =IFERROR(VLOOKUP(L58,PlayerDB!$F$2:$G313,2,FALSE),"") -> 101.1 | P58: =IFERROR(__xludf.DUMMYFUNCTION("""COMPUTED_VALUE"""),"Tyler Loop – BAL") -> Tyler Loop – BAL | Q58: =IFERROR(VLOOKUP(P58,PlayerDB!$F$2:$G313,2,FALSE),"") -> 130
B59: 58 | C59: ='Teams & Draft Order'!$C$15 -> Daddy's Dogs | E59: =IFERROR(VLOOKUP($D59,PlayerDB!$F$2:$G313,2,FALSE),"") | F59: =IFERROR(VLOOKUP($D59,PlayerDB!$F$2:$H313,3,FALSE),"") | G59: =IFERROR(VLOOKUP($D59,PlayerDB!$F$2:$I313,4,FALSE),"") | I59: =IFERROR(__xludf.DUMMYFUNCTION("JOIN("" | "",'Team Stats'!C$11:H$11)"),"0 | 0 | 0 | 0 | 0 | 0") -> 0 | 0 | 0 | 0 | 0 | 0 | J59: =IFERROR(__xludf.DUMMYFUNCTION("JOIN("" | "",'Team Stats'!I$11:K$11)"),"0 | 0 | 0") -> 0 | 0 | 0 | L59: =IFERROR(__xludf.DUMMYFUNCTION("""COMPUTED_VALUE"""),"Tucker Kraft – GB") -> Tucker Kraft – GB | M59: =IFERROR(VLOOKUP(L59,PlayerDB!$F$2:$G313,2,FALSE),"") -> 92.6 | P59: =IFERROR(__xludf.DUMMYFUNCTION("""COMPUTED_VALUE"""),"Daniel Carlson – LV") -> Daniel Carlson – LV | Q59: =IFERROR(VLOOKUP(P59,PlayerDB!$F$2:$G313,2,FALSE),"") -> 129
B60: 59 | C60: ='Teams & Draft Order'!$C$16 -> TDs and Beers | E60: =IFERROR(VLOOKUP($D60,PlayerDB!$F$2:$G313,2,FALSE),"") | F60: =IFERROR(VLOOKUP($D60,PlayerDB!$F$2:$H313,3,FALSE),"") | G60: =IFERROR(VLOOKUP($D60,PlayerDB!$F$2:$I313,4,FALSE),"") | I60: =IFERROR(__xludf.DUMMYFUNCTION("JOIN("" | "",'Team Stats'!C$12:H$12)"),"0 | 0 | 0 | 0 | 0 | 0") -> 0 | 0 | 0 | 0 | 0 | 0 | J60: =IFERROR(__xludf.DUMMYFUNCTION("JOIN("" | "",'Team Stats'!I$12:K$12)"),"0 | 0 | 0") -> 0 | 0 | 0 | L60: =IFERROR(__xludf.DUMMYFUNCTION("""COMPUTED_VALUE"""),"Tyler Warren – IND") -> Tyler Warren – IND | M60: =IFERROR(VLOOKUP(L60,PlayerDB!$F$2:$G313,2,FALSE),"") -> 88.7 | P60: =IFERROR(__xludf.DUMMYFUNCTION("""COMPUTED_VALUE"""),"Ka’imi Fairbairn – HOU") -> Ka’imi Fairbairn – HOU | Q60: =IFERROR(VLOOKUP(P60,PlayerDB!$F$2:$G313,2,FALSE),"") -> 128
B61: 60 | C61: ='Teams & Draft Order'!$C$17 -> DD Riders | E61: =IFERROR(VLOOKUP($D61,PlayerDB!$F$2:$G313,2,FALSE),"") | F61: =IFERROR(VLOOKUP($D61,PlayerDB!$F$2:$H313,3,FALSE),"") | G61: =IFERROR(VLOOKUP($D61,PlayerDB!$F$2:$I313,4,FALSE),"") | I61: =IFERROR(__xludf.DUMMYFUNCTION("JOIN("" | "",'Team Stats'!C$13:H$13)"),"0 | 0 | 0 | 0 | 0 | 0") -> 0 | 0 | 0 | 0 | 0 | 0 | J61: =IFERROR(__xludf.DUMMYFUNCTION("JOIN("" | "",'Team Stats'!I$13:K$13)"),"0 | 0 | 0") -> 0 | 0 | 0 | L61: =IFERROR(__xludf.DUMMYFUNCTION("""COMPUTED_VALUE"""),"Dallas Goedert – PHI") -> Dallas Goedert – PHI | M61: =IFERROR(VLOOKUP(L61,PlayerDB!$F$2:$G313,2,FALSE),"") -> 85.8 | P61: =IFERROR(__xludf.DUMMYFUNCTION("""COMPUTED_VALUE"""),"Evan McPherson – CIN") -> Evan McPherson – CIN | Q61: =IFERROR(VLOOKUP(P61,PlayerDB!$F$2:$G313,2,FALSE),"") -> 127
A62: Round 06 | B62: 61 | C62: ='Teams & Draft Order'!$C$17 -> DD Riders | E62: =IFERROR(VLOOKUP($D62,PlayerDB!$F$2:$G313,2,FALSE),"") | F62: =IFERROR(VLOOKUP($D62,PlayerDB!$F$2:$H313,3,FALSE),"") | G62: =IFERROR(VLOOKUP($D62,PlayerDB!$F$2:$I313,4,FALSE),"") | I62: =IFERROR(__xludf.DUMMYFUNCTION("JOIN("" | "",'Team Stats'!C$13:H$13)"),"0 | 0 | 0 | 0 | 0 | 0") -> 0 | 0 | 0 | 0 | 0 | 0 | J62: =IFERROR(__xludf.DUMMYFUNCTION("JOIN("" | "",'Team Stats'!I$13:K$13)"),"0 | 0 | 0") -> 0 | 0 | 0 | L62: =IFERROR(__xludf.DUMMYFUNCTION("""COMPUTED_VALUE"""),"Zach Ertz – WAS") -> Zach Ertz – WAS | M62: =IFERROR(VLOOKUP(L62,PlayerDB!$F$2:$G313,2,FALSE),"") -> 84.2 | P62: =IFERROR(__xludf.DUMMYFUNCTION("""COMPUTED_VALUE"""),"Tyler Bass – BUF") -> Tyler Bass – BUF | Q62: =IFERROR(VLOOKUP(P62,PlayerDB!$F$2:$G313,2,FALSE),"") -> 126
